objectid,site_name,alias_name,site_type,globalid,created_user,created_date,last_edited_user,last_edited_date,shape_Length,shape_Area
1,Arbourthorne Pond Playground,,Playgrounds,{AE311AFB-56C2-4CD2-BB93-E1D145C24F8A},,,,,133.514947721844,1418.31464687359
2,Lowfield Park Playground,,Playgrounds,{A0830D39-3718-43F1-8401-F1F5F40D3D28},,,,,283.331880516924,1374.15263012726
3,Clarkehouse Road,,N/A,{08225DE2-9A7C-4F7A-A774-94C88358781B},,,,,95.6979305443736,569.54889170733
4,Hillsborough Sports Centre and surrounding area,,N/A,{2F5A4FFC-8CAF-4044-8E97-61EF04F52692},,,,,687.250385000533,16204.6596377397
5,Asline Road/Bramall Lane ,,Open Space,{3A9C2E2C-A97A-4F83-9FEE-0DA065E82EEA},,,,,176.382094725886,1343.33926688965
6,Land @ Stocksbridge Bypass,,N/A,{93A52F5C-C705-4607-9335-A4FE6D431D8D},,,,,421.473887062277,9526.86316892362
7,Parsonage Farm,Townend Common,Sports Site,{A38EAE3D-2659-45D7-9127-AACA82C9B29E},,,,,2475.60289731059,126282.259861804
8,Park Drive/Smith Road,,Open Space,{DCB467E1-B81A-4977-B93A-F660F9A1F25F},,,,,83.2258596643984,333.729413954229
9,Graves Tennis & Leisure Centre,,Sports Site,{6674B231-7AE9-491A-96FE-5448E413DA2F},,,,,2187.49529503464,103522.311990249
10,Tinsley Park Cemetery,,Active Cemetary,{ED26E0F6-C61C-4D8C-8313-3AD595A32298},,,,,1243.07355809691,78752.5771701459
11,Intake Cemetery,,Active Cemetary,{67D736BA-2891-43C0-84E2-338B5802A1DE},,,,,571.698666133598,18600.233070964
12,Willow Drive,,Open Space,{CCAE30B5-23F5-4F19-B9A6-BB4810A443E7},,,,,367.908331681623,6999.34499371441
13,Airport Woodland,,Woodland,{15F70180-E7AA-42F1-8962-AF76B8F79E88},,,,,669.913831901334,17451.2040255556
14,City Road Cemetery,,Active Cemetary,{FE467E68-F41E-4406-B7C1-8EBB088A9D87},,,,,1973.86016076708,256863.766278588
15,St Lawrence Cemetery,,Closed_Churchyard,{6D27EC68-115D-4DA8-841D-38E79F9BCED6},,,,,413.391934273318,8476.3020370495
16,St Aidens's Road,,N/A,{5C4E5347-251C-4DFC-9314-E11A8DE349DF},,,,,346.425226805461,6087.11148617389
17,Darnall Cemetery,,Active Cemetary,{C24C5B5D-E07B-4A96-A570-5762159536E4},,,,,594.195560412442,22789.3006356192
18,Meersbrook Park Allotments,,Allotments,{E21ACFE6-3655-452B-A843-EB53F2DC72C3},,,,,1621.98823109639,154359.529362235
19,Ashes Wood, ,Woodland,{C81A5009-09D3-4155-BB81-8A46A264DCB9},,,,,958.838045570962,13729.1262473241
20,Cat Lane Wood, ,Woodland,{1665C9D6-AE8D-4A7A-877D-D7504C9C33D2},,,,,1038.12911146849,14266.5824343302
21,Clay Wood Road Triangle,,Woodland,{536AB801-0F83-4858-A607-621F61D8A635},,,,,94.7193815866844,390.334537497668
22,River Don Green Space ,,Open Space,{52425DFF-8EA5-49D7-BC1E-3A4021768182},,,,,2382.76590685395,14779.3125645762
23,Hinde House Lane Allotments,,Allotments,{6C4D57E7-03C6-481E-9F67-778A72A280D9},,,,,347.294394114776,2397.25564776369
24,Maxwell Street,,N/A,{AAE4582D-621F-46FB-88E4-95B1D57ABE52},,,,,116.364444672888,918.717194875892
25,Owler Lane,,Open Space,{1542DB09-FDC7-4632-AC9F-972E6B8563F8},,,,,290.404443035355,4158.57411429781
26,Hangbank Wood,,Woodland,{BFE71950-58D3-4239-A733-620C38E45796},,,,,1225.80012277653,28777.9068077648
27,Beacon Way, ,Open Space,{5322A1E0-FCE3-4D69-AA7D-C64A349FBDD0},,,,,304.32842140144,3648.13623287744
28,Brightside Recreation Ground,,Park,{217954F9-F06B-43CD-83D8-21D4CBE90276},,,,,322.377775047524,6273.56377329961
29,Wincobank Common,Chapmans Tip,Open Space,{042B9D23-85F2-4CE8-829E-8955D559A3FE},,,,,1375.21617713764,94453.9465154381
30,Honeysuckle Road Open Space,,Open Space,{A6F33C81-BE16-473D-88EA-F84C3B5B1687},,,,,627.031235218017,21574.5127944933
31,Meadowhall Road,,Open Space,{E1CBE7AC-950D-4F6E-BDC2-ED3DB76766E5},,,,,350.753574856279,6554.17805708697
32,Newman Road,,Open Space,{51669F6B-B1F9-412E-932F-58E383B1778F},,,,,114.671918522624,843.27053761197
33,Shiregreen Playing Field,,Open Space,{588780F3-7649-4C64-B2E5-ECADCE70FE6F},,,,,562.507870921808,15376.3583820519
34,Firth Park Wood, ,Woodland,{29886480-7BE2-4246-898B-26014CE8A2EB},,,,,1016.51096183674,34074.7488003845
35,Hinde Common Wood, ,Woodland,{9098AA68-CCF9-4532-9CAF-88F544CED2B5},,,,,1261.63867834654,34791.5746329515
36,Firth Park,,Park,{9A9BED11-7EB0-409A-870A-F79DEEC3491F},,,,,2289.57838952045,161080.754070354
37,Bowstead Open Space,,Open Space,{45B08048-85E9-4357-8FA4-35FBFFEB4D15},,,,,1600.13120983252,38507.7165373873
38,Scraith Wood, ,Woodland,{DEB9F6FE-CFFA-4814-BBE2-CD39B1E812FE},,,,,3673.49329819516,80358.3775217373
39,Penrith Road Open Space,,Open Space,{CF752468-1112-46C8-8FAC-13CEB1BCDE1A},,,,,1410.19920975545,23891.3633603922
40,Hartley Brook,Hartley Brook Dyke,Open Space,{D60F41EC-CA7E-4563-9B1A-E29DB756E10F},,,,,3976.38989982155,143114.26647839
41,Woolley Wood, ,Woodland,{011E227B-704C-4A16-8767-6640C0D6C0E1},,,,,5577.84901051235,339533.836810922
42,Brown Baileys/Bayliss,Olivers Mount,Sports Site,{F186C02B-B9B9-4FF5-BA23-F7FA17BE5378},,,,,1305.77871603061,49194.3648717312
43,Shiregreen Cemetery,,Closed_Churchyard,{2FC0773D-8C89-48D1-9BC2-E120B4A92950},,,,,1272.35951418476,100078.192176233
44,Steel City Sports Ground,,Sports Site,{915AA8D6-034D-4D74-BE1B-AFD8A937B32A},,,,,1268.12045678722,55554.8683340209
45,HInde House Allotments,,Allotments,{0ED1C325-6DFC-44BD-AC6E-3288884A41B7},,,,,505.761436661575,6827.97484394227
46,Springfield Playground,Upper Hanover Playground,Playgrounds,{6F17D8AC-759D-4D3D-8205-765D0CC821A0},,,,,139.11675183643,1346.51982981015
47,Leighton Rd Plantation,,Woodland,{C34922FE-ADC4-473C-A98B-59B673698A5F},,,,,790.709990957808,10525.5172220913
48,Shire Brook Valley Woodlands,,Woodland,{818C4515-2028-416B-859A-6A654C5F45CE},,,,,14238.0340451819,534410.75300823
49,The Oval,,Open Space,{BDFD2D03-D298-458C-8B38-4D08A1D50B6F},,,,,159.709252917408,1281.09281770949
50,Wensley Street Playground, ,Playgrounds,{E22CB8DD-351B-41E3-9329-D2F5CB9124AD},,,,,139.593665421956,558.885440694986
51,Wensley Street Upper Tier,,Open Space,{CB9FAADC-ECEB-4C41-B660-66805A2FD8C2},,,,,1112.09223399395,48369.3936876698
52,Wincobank Avenue,,Open Space,{3B4B8834-89AC-4CE0-B3F5-9F7ECCCB83ED},,,,,170.518518405917,1454.35388390054
53,Wincobank Lane,,Open Space,{F7F06028-040F-4186-B059-0C681C21861E},,,,,650.686632197047,6697.49716793694
54,East Glade Wood,,Woodland,{28E1A747-19A7-4286-90B9-71743C4D6B54},,,,,627.320809337991,14629.922457829
55,Birley Spa Wood,,Woodland,{9B9B92E4-DED0-4AA5-83D1-368328CFDA4D},,,,,1841.2867093215,35958.4542402618
56,Woodhouse Mill Playing Field,,Playing Field,{2726B128-28BB-4FFC-B29B-A6C21C8F4639},,,,,1442.92367189135,84193.6778043799
57,Abbeydale Road Wood,Abbeydale Road Open Space,Woodland,{423EAA5F-951A-4E51-BB88-3359FCD16B9F},,,,,261.210245594408,2636.16462944338
58,Park Wood Springs Wood, ,Woodland,{82A3515D-6A06-4A8C-9D4A-FA8930840EA5},,,,,2849.9176457951,78982.0812451388
59,Bagley Dike Wood, ,Woodland,{BB24860F-7806-4A38-8353-3011464E8B53},,,,,1256.53646261327,32609.4783216788
60,Batt Street/Holland Place,Holland Place,Open Space,{BB3393A4-C55D-4441-928E-26BB4F2D20A2},,,,,150.66239670517,959.39700407528
61,Botanical Gardens, ,Garden,{0326F1E1-C0FC-4355-ABF1-1869B5B4165C},,,,,1361.63684465368,75257.3093719976
62,Broadfield Road Open Space,,Park,{F768AA78-19D2-4596-B7FB-0709EB151E20},,,,,543.376845598789,7838.6560020022
63,Chelsea Park, ,Park,{543DCA8B-9B41-4990-862F-2C3B58969213},,,,,1182.55161145843,38359.5358764842
64,Countess Road ,Countess Road Play Space,Open Space,{EFE68FB7-A4F5-429C-8B24-DCA148276E0D},,,,,131.311545467555,847.620047515962
65,Duchess Road Community Centre,,Park,{0E404839-0483-401A-AFC9-F218D01B2A4E},,,,,206.839751084445,2503.4714524679
66,Headford Garden ,,Open Space,{DD281313-7154-4833-9BDA-014DE35DD10B},,,,,110.811032012267,709.440098960039
67,Heeley Baths Grass Area,Heeley Baths,Open Space,{D14DF14A-E2F1-4111-ACB4-E9800E8D0257},,,,,116.275278942472,459.724048463835
68,"Holberry Open Space, Upper Hanover",,Open Space,{F02DD7A4-5BB2-43B8-B508-AE5A91D59B49},,,,,280.79199464458,2858.93201660323
69,Lowfield Park,,Park,{6363B96F-143E-46EA-B319-7C25E689674C},,,,,531.258020912791,13557.8282880837
70,Lowfield School Open Space,,Open Space,{B999B242-1A88-41CA-9F82-52DBC3B7F10B},,,,,335.040071063202,2267.80482939689
71,Montague Street,,Open Space,{CAA6C6C9-A728-4B23-90AE-CCC7354D5363},,,,,264.766896985991,3342.49898469927
72,Mount Pleasant Park, ,Park,{1EC2F102-EC33-4786-8D7E-E4C08581B648},,,,,795.746812908662,27392.4218241863
73,Victoria Park,Parkers Lane ,Open Space,{38D15F78-05FE-42AF-AED5-BF29D296CC8F},,,,,204.972260936656,1303.23688907709
74,Pembroke Street,,Open Space,{4E271874-4A6C-44CE-93FE-CA44AA2C81FB},,,,,179.679442243998,1532.01076542666
75,"St Mary's Church, Bramall Lane ", ,Closed_Churchyard,{2754831F-50A6-43B7-B90F-D18F10B0A016},,,,,379.372352207351,8595.68585382395
76,Staveley Road, ,Open Space,{38D07213-2677-4915-ABE0-BF27ABB13795},,,,,148.716952456417,1229.62414317651
77,Sunny Bank,,Open Space,{419EACDE-B094-4D12-AF2E-38641E11F078},,,,,667.235202712452,9107.70395802058
78,St. Georges Churchyard,,Closed_Churchyard,{F82C2068-4790-452A-9DE8-484AB268B108},,,,,601.86004494282,8693.76432028345
79,Devonshire Green,,Park,{861D3944-D74A-4E06-84E5-C660E0172355},,,,,507.260829610282,12111.2503470444
80,Barkers Pool Garden,,Garden,{DAC10163-3312-4495-8A63-34175EC50E0C},,,,,91.7133947208768,455.12095510552
81,Abbeyfield Park,,Park,{3359FFAC-66CD-45D6-AE1C-26D4B967A09A},,,,,678.779881851164,21595.4332091855
82,Burngreave Recreation Ground,,Open Space,{446A0D6A-20E0-43EE-97CF-9D42B0F307FA},,,,,1023.23587609633,34210.5880503067
83,Denholme Close Recreation Ground,,Open Space,{E4D2889E-999F-4A8B-948B-C682C066F1B2},,,,,662.856874736136,16105.8262046934
84,Devon Gardens,,Open Space,{345E969F-818D-43B7-BC16-FD5BAEC9EFD1},,,,,245.488786425321,3462.36873815482
85,Earl Marshall Recreation Ground,Osgathorpe Park,Park,{89F77498-D0AE-4683-9736-2A88ED4BB7FF},,,,,1020.92433040633,42749.9195790469
86,Ellesmere Park,,,{BCC6EED2-A1B4-4A46-AFD2-BEB936A2C7DE},,,,,1361.39896042612,25401.2499941891
87,Firshill Croft Open Space,,Open Space,{83D88BD1-5BC4-494B-841A-ECECB254F753},,,,,606.992541130668,11778.0807240427
88,Grimesthorpe Road,,Open Space,{F825FEB5-CF20-4B2B-B422-E03A808AE189},,,,,803.60654018413,9756.0551103189
89,Grimesthorpe Road Open Space,,Open Space,{93FCF171-22F5-4338-9DC1-1A31889542B2},,,,,606.596309303196,14761.4037042285
90,Harlestone Street,,Open Space,{0C3F3DB9-961C-48A0-8886-2456D54FAACD},,,,,1126.96805494203,36202.1522987041
91,Holberry Gardens Allotments,,Allotments,{0BEC0BC1-9785-4F4B-9116-4F80EFE83516},,,,,197.845987940132,1990.17359903589
92,Nottingham Street Recreation Ground,,Open Space,{9AE3972C-9096-4B7C-B850-3704F2EB06CD},,,,,398.803045583466,9006.43477318914
93,Nursery Street,,N/A,{B0E47DC8-7FD1-41D1-8303-1CF45770D280},,,,,76.835306937809,345.14102164488
94,Crabtree Wood/Pond, ,Woodland,{4B29BBFA-406C-4E26-8F17-76FBA2CDC010},,,,,789.430851764534,11340.8198465675
95,Stubbin Allotment,,Allotments,{F533EAE6-06B5-4B55-8867-3971814539FD},,,,,435.480230133662,9582.52305084012
96,Bowden Wood Crescent,Bowstead Open Space,Open Space,{BF9151BE-8280-4318-A8C4-B1C9FF7DA5E4},,,,,1237.65599798186,36456.2970487193
97,Pitsmoor Road,,Open Space,{DEC9C6DC-A7E5-4248-ADD0-FC87D2B62509},,,,,1469.53240581104,49059.7236956954
98,Somerset Road,,Open Space,{99A3986A-0F0B-4C5F-A4A4-7530F41FA06B},,,,,441.074686017806,9559.34107970226
99,Sutherland Road,,Open Space,{3679DCD1-69D3-47F8-B885-9F020FAADFD5},,,,,193.247508372496,2077.05621126661
100,Verdon Street Recreation Centre,,Open Space,{F766F03A-88A0-47A2-B906-676A5D5081BD},,,,,182.943775812437,2009.04536923781
101,Beechwood Road Open Space Playground,,Playgrounds,{7B54FCC5-E182-474E-AF5F-C776129CF4FE},,,,,85.2915511548172,409.140669153751
102,Acres Hill,Mather Road,Open Space,{F554CC53-9F80-4A2D-AFE9-21BA69E8D4C1},,,,,1106.90806860809,46156.7579087429
103,Hilltop Cemetery,Attercliffe Common Burial Ground ,Closed_Churchyard,{18C750FB-96E1-4EC3-9BEB-DB73EEB94D19},,,,,330.76994023896,6119.25834796341
104,Attercliffe Garden Of Rest & Cemetery, ,Closed_Churchyard,{B1358B96-C496-4282-B23A-1CD2A20D5921},,,,,664.984382017907,18722.4369912042
105,Bawtry Road Sports Ground,,Sports Site,{4DDCD9DE-2423-4530-985B-A1C003941CAE},,,,,1837.43295898298,125777.559460077
106,"Church of Christ, Darnall", ,Closed_Churchyard,{4F64BB30-F0BF-49F1-8918-218B292A89E1},,,,,85.0369117917166,163.920755151802
107,Clipstone Gardens/Road Cycle Track,Darnall Community Park,Open Space,{6C269ED0-BE85-43C7-8DC6-A3377CFD291B},,,,,538.435164120796,6249.53225545698
108,Coleridge Road,,Open Space,{76074B51-F3CB-4EB2-ADA9-C47DA646BD2B},,,,,169.840853503429,140.382394838203
109,Coventry Road, ,Open Space,{C7DAF676-7E2B-47F1-8532-DEA9D273F0CB},,,,,576.415697029801,9564.6308889736
110,Seventy Acre Hill,,Park,{DFB018A9-E2B7-4C04-8CFE-6CDC653172A4},,,,,3084.94733361593,384730.205365345
111,Seventy Acre Hill Woods, ,Woodland,{EBA283F7-FC61-4256-ACEA-3F66A8B01F6D},,,,,2557.7525000497,140317.483759387
112,Tinsley Park Woods, ,Woodland,{56F0700C-08A6-43D0-9680-553B25101604},,,,,8522.99790902274,175524.245265376
113,Darnall Community Park, ,Open Space,{938A59B2-C7E7-44B2-A8A7-5BC9A7D6DF72},,,,,887.456714000603,23699.8785458414
114,Darnall Neighbourhood Park,Greenland Close,Park,{C14EFBD0-EE1D-425B-8067-32951CCCFE3E},,,,,1025.77671482567,20438.7707291623
115,Freeborough Street, ,Open Space,{E0A2C5E2-1DB7-42FE-95FF-056EC9BC9389},,,,,188.629809961879,779.72419240619
116,Handsworth Recreation Ground, ,Park,{A9308A65-FEEF-416B-A1CC-C335A2D6F0D6},,,,,1215.37664607052,67403.2774879908
117,Handsworth St Mary's Cemetery,Handsworth Cemetery,Closed_Churchyard,{54D647C0-83C6-4746-A2A7-156591CA4971},,,,,549.260297281872,18093.9613548249
118,High Hazels Park, ,Park,{C5384F97-227A-4B80-AEB8-04EE1CC8C1DB},,,,,2178.69708536645,149181.296033683
119,Kettlebridge Road/Ouseburn Road,Kettlebridge Rd/Ouseburnn Road,Open Space,{08632B94-A644-40D3-8CF8-0F0EB306A6B6},,,,,522.250372389206,9652.6420141021
120,Mather Road Recreation Ground, ,Park,{FF800113-0386-4E90-97C6-552C876E9005},,,,,1043.90312840796,53273.1685286254
121,Ouseburn Road Open Space, ,Open Space,{AB85533F-10D6-4919-8354-01FCB8AB9AD0},,,,,450.614401462738,6796.48428753251
122,Phillimore Park, ,Park,{86516790-567C-48BE-86D7-3B54459C1D75},,,,,859.555208559139,22711.3990723054
123,Prince of Wales Road, ,Open Space,{BDC9A7B2-2957-4FE2-A6BE-357D05ED6F2D},,,,,91.5824974068076,452.523984804689
124,Ripon Street,Rippon Street?,Open Space,{56B9CD40-BD48-42A1-854B-21FF8A6FB2A3},,,,,920.696652235893,40782.3530689241
125,Shirland Lane, ,Natural/Semi_Natural Green Space,{879AADE8-1084-414C-A35A-2621D64FB097},,,,,323.239084793275,4812.71850369534
126,Shirland Lane/Chippingham Street, ,Open Space,{C59AE3E4-AE7E-448D-B749-A18A0C6330E7},,,,,645.141783855393,6988.06583562057
127,Tinsley Recreation Ground, ,Park,{5D68CDC8-C239-4BF9-BE24-43E9B8197386},,,,,840.62863705157,40016.9045356743
128,Woodburn Road Track, ,Sports Site,{93A28025-F740-435C-839D-DE724FC6A32D},,,,,1135.79545615928,58330.593861366
129,Kettlebridge Doorstep Green,Harrogate Road,Open Space,{9D09B781-1298-4117-AD81-F587DF6A6CD5},,,,,281.577035473606,2743.11866735555
130,Manor Allotments,,Allotments,{F8ABD394-4F58-4446-9194-5C113A11054A},,,,,712.577195759957,24748.0336317557
131,Finchwell Road Allotments,,Allotments,{ECC67EDB-EDC1-409F-A119-7427FC72685B},,,,,369.666523247699,8556.65621532948
132,Bowden Howsteads Playing Field,,Playing Field,{37117EE8-7217-4E30-B16E-E828468C847D},,,,,441.3283598924,11610.4280652329
133,Hollinsend Rec Allotments,,Allotments,{3A94CEFF-7E74-4B64-AB7C-E05DFD3395E9},,,,,248.420027200309,2413.96305303806
134,Pipworth Recreation Ground,,Open Space,{286C12EE-5A6C-4E10-A2DF-0FC2F1E6F789},,,,,606.616766930881,18694.615192013
135,Jervis Lum, ,Woodland,{FEF1DA2F-8B3A-4E5B-BC18-289F42732D31},,,,,1917.01626783276,56372.0276910842
136,Norfolk Park Woodlands, ,Woodland,{543F7FB1-FEBB-4DC8-B618-89EDD418DA04},,,,,2561.22772635567,24941.5960551386
137,"Bernard Street, St John's Church",,Closed_Churchyard,{43FF63F7-BD8C-4AB3-96FA-32D7BE45F209},,,,,454.517736295776,12091.7488136344
138,Corker Bottoms,Corker Bottoms Lane,Open Space,{FF0EE54F-29F1-4F10-98D8-4ABEF02A693A},,,,,2185.34072058799,116300.334489636
139,Granville Street/South Street,,Open Space,{DD3E7354-2875-4C2E-89DB-DA898FA70A9E},,,,,744.866245267214,16929.7051200971
140,Maltravers Place/Whites Lane,,Open Space,{C663530C-DA53-43DC-B91E-803AAF5A5A41},,,,,289.215866609367,2774.33243097228
141,Manor Laith Road,,Open Space,{7D754148-A62C-4D37-A5FA-290B83CCA905},,,,,574.599546629036,15856.0382778083
142,Manor Lane ,,Open Space,{2845E616-C388-47D5-96CD-2F851119A6B0},,,,,578.982636600034,16215.7360452205
143,Manor Oaks Garden Playground ,Hyde Park Embankment,Playgrounds,{EB53B770-8D31-4B51-BF4A-605A107326B2},,,,,81.3429582341961,355.802302250772
144,Manor Playing Fields,,Open Space,{A790DE7E-4966-4C44-A6F4-C9F3866BF477},,,,,1494.15781046024,90107.8111890348
145,Flockton Park Woodland,Flockton Wood,Woodland,{152D2704-276A-4633-9D5C-4CFC39E6D555},,,,,1887.01847164932,30919.6525960391
146,Shrewsbury Road/South Street,,Open Space,{DAC416E6-9FFB-4810-9E16-59620B1E165D},,,,,922.556185830773,23937.6153116754
147,Sky Edge Playing Fields,Manor Oaks Road,Park,{4F75A6CF-87B2-4F3C-82AD-5C7CEA164B9C},,,,,2331.39188843018,154047.626696108
148,Woodthorpe Pond,,Open Space,{07C45C65-704D-483F-A7FD-AA71DE6422A6},,,,,237.607756348012,3609.84429212977
149,Woodthorpe Ravine,,Open Space,{635A939F-2D6F-499D-99AC-07F645476A5C},,,,,2750.90602945068,78800.4770135537
150,Deep Pits/Manor Fields Park,,Park,{B8F24720-985B-4377-A4AE-08097A47A65D},,,,,2140.92362759681,173933.725695701
151,Clay Wood (Cholera Monument), ,Woodland,{D411C1A8-F1A0-40DA-891E-F63E54F0DA95},,,,,960.36000840688,19083.6936715742
152,Corker Bottoms Allotment,,Allotments,{DE4CDD13-6FDC-4209-A7CB-F5BC377670C0},,,,,624.736039173042,17767.3785420192
153,Bowden Wood Nursery Plots,,Open Space,{F051D25A-D1EB-4BFC-9E3E-7E17BC214AEE},,,,,714.229053237206,15701.2046329527
154,Westfield Plantation, ,Woodland,{E3E3B99A-273E-40FD-B71E-837B1DF97556},,,,,1752.30325969927,66885.1395679311
155,Crookes Valley Park,,Park,{177D372D-FE26-4C16-983A-D705DB101102},,,,,989.684560209934,59432.9022871993
156,Woodthorpe Recreation Ground,,Park,{4B550825-B955-46A8-8C9E-951A6D3A4D24},,,,,796.735757880924,33221.9284100906
157,Daniel Hill Open Space,Blake Street Local Nature Reserve,Garden,{C4F254E7-C4D9-4187-A573-AA2AD147A71E},,,,,141.828368265408,1001.87454610889
158,Hillsborough Park,,Park,{4F96FBA2-E158-4F41-9692-C82F56E9C38C},,,,,2031.88230240642,197105.151920078
159,Hillsborough Park Sports Arena,,Sports Site,{E50E58D0-C34B-418B-A811-5DC403E87CDF},,,,,638.829249781894,28662.8351562658
160,Hillsborough Park Walled Garden,,Garden,{FFC91C23-B28E-43FD-B82D-52C65D4A1250},,,,,216.86899480917,2708.86511029834
161,Middlewood Park, ,Park,{E0553760-F478-4F83-B057-AEB888939C3B},,,,,2432.94984866406,86286.1167471351
162,Morley Street Allotments,,Allotments,{5C690B31-3141-4F37-9447-6F6BF34D1B37},,,,,1608.25023059483,53631.6889316078
163,Walkley Bank Allotments,Rivelin Valley - Walkley Bank Plantation,Allotments,{E85548D9-0594-498F-9158-17B00F63BB66},,,,,525.368213364329,10117.5154092558
164,Crookes Valley Park Wood, ,Woodland,{FC6D2D58-8766-4010-859E-DBFFC41653DC},,,,,571.238162673993,9445.74092890158
165,Bolehill Wood (Bolehill Rec),,Woodland,{0EAB1B69-7B86-49E4-9168-735BAA8E0C22},,,,,1453.73233938366,39197.247048346
166,Rivelin Glen 3, ,Woodland,{ABD5B46A-4B87-401E-B223-D2F12C52BA1D},,,,,1624.60923237867,38551.1732771124
167,Park Road Allotments,,Allotments,{8CB3E827-3ADD-4B6E-82DD-7A2F19207AF3},,,,,501.077412587033,4350.77243044037
168,Roscoe Bank Allotments,,Allotments,{8A2DA6F0-4A6B-419F-85D0-154264F66BB1},,,,,312.425998906268,5040.19416527251
169,Bowden Howsteads Wood , ,Woodland,{E171339F-C4C6-4C2E-BAAB-7A51F551B9BC},,,,,5453.26303734777,311454.640775844
170,Millhouses Park Water Playground,,Playgrounds,{35683559-72F6-4AAC-8499-7ADDE1D34968},,,,,144.974535224133,1359.84660892317
171,Malin Bridge Allotments,,Allotments,{211A0E3E-DF7B-40E7-A835-DE0A61FBAC34},,,,,274.844537417011,4491.14767533031
172,Brincliffe Edge Woods, ,Woodland,{67C20F52-48CC-4AF4-83D6-93CF61874481},,,,,1909.9105448759,43673.8483020088
173,Reaps Wood, ,Woodland,{03D29042-FDB4-418D-8F01-FB5091ACA6CD},,,,,1409.79017214975,30895.2325272344
174,Bellhouse Road/Shiregreen Lane,,Open Space,{9EFB16E5-6A2C-407E-86CD-C1C8284FB8BB},,,,,98.4434310453614,464.558859660572
175,Meersbrook Park Woodland, ,Woodland,{4318ED95-FD94-44F1-A0AA-AFE7E0D20981},,,,,1113.55168112731,29095.9828485601
176,Lower Shortbrook Open Space,,Open Space,{4489FEB9-A986-44EB-B8BB-7074EC356579},,,,,582.722233607654,13028.1411250547
177,Owlthorpe Lane,,Open Space,{B055B823-BA8A-403F-B1AE-3B97BE8CB2F5},,,,,468.081506545798,10039.5980328022
178,Owlthorpe Grove,,Open Space,{D2315417-335D-42C5-83F2-C02F011A7A90},,,,,346.639521399254,4003.62448730437
179,Alport Road (Play Area),Peakdale Crescent,Open Space,{8725D021-EFBF-41B5-A076-EEF61E8BCB93},,,,,388.622703956265,4753.45277755734
180,Ravenscroft Road Open Space,,Open Space,{7A946B15-47CF-4249-9281-4E851D1A433F},,,,,1220.91327422997,29558.0840758161
181,"Rear of Fire Station, Beaver Hill",,Open Space,{88C273CB-E375-452A-8A3A-1F47CB9F70FB},,,,,1161.16007494666,36774.9130002322
182,Rolling Acres,,Park,{D327BA88-056C-453C-ADEA-731165D5E7C6},,,,,928.678872168355,12924.5677125086
183,Rother Valley Way,,Open Space,{5627FF1B-72E3-4CCE-AC2B-E0EA3C56AA63},,,,,283.701994535244,2036.64765519055
184,Sheffield Road (Hackenthorpe Village Green),,Open Space,{FE0E1F1D-C6C3-4246-B466-9D261A0EC726},,,,,153.990177764336,1048.2880499318
185,Sheffield Road/Water Slacks Lane,,Open Space,{8D50D8E9-DD19-47BE-A270-0DEE463A4A54},,,,,164.819968921396,900.800554665183
186,Shortbrook Open Space,Shortbrook Open Space Station Road,Open Space,{D676842A-8B2E-454D-BF2E-23D78026EC7F},,,,,1371.55205316907,36245.7714732501
187,Sevenairs Open Space,Skelton Lane,Open Space,{1D3DF812-EE51-40CC-8368-10264F351652},,,,,386.629310321296,8272.9196005485
188,Meetinghouse Lane Allotments,,Allotments,{99CC7DB5-F656-485D-A760-29CD75FD1CA3},,,,,56.0042489319905,188.979750349854
189,Soaphouse Lane Allotments,,Allotments,{6B0AA5FE-F44C-4619-A7BF-FF616C7FD6E6},,,,,502.765369463193,11352.4760253026
190,South View Allotments,,Allotments,{966A3F37-5DFC-498A-99E5-0E7636A7F637},,,,,102.681190693612,636.007424778211
191,Sheffield Road,,Open Space,{ACC8D833-0122-48ED-87CB-7C33EDC1B590},,,,,533.468297080345,13660.1557126154
192,Sothall Green Allotments,,Allotments,{5C2D8582-657A-4860-A8E5-DC06D681BC0C},,,,,255.719233611421,4023.23665766847
193,Reignhead Farm Depot,,Depot,{047AC745-0813-455D-BEC0-DCCCE1C07A18},,,,,315.580817852741,5255.05193360647
194,Reignhead Farm,,Playing Field,{E978E674-B680-4A55-A150-4FD0E6222215},,,,,757.79776859965,26007.5026961398
195,Ochre Dyke Playing Field,,Open Space,{E2B814D2-44D5-4526-B222-1A74033120C7},,,,,1742.28516210276,74332.0636138917
196,Clayton Hollow Open Space,,Open Space,{5B2C0BC8-3C93-45C0-9CE7-CF73D4AEBF84},,,,,758.221342556925,15609.9926653043
197,Busk Meadow Wood, ,Woodland,{2B9230E0-71DF-4C5A-9110-11079C26400E},,,,,666.717342247135,11022.2931172215
198,Wincobank Wood, ,Woodland,{9DFC4BAC-75C1-41D4-9C63-0A5A6CFFA18A},,,,,1775.59346525367,139502.77751818
199,Holberry Open Space Playground - Upper Hanover,,Playgrounds,{8F0E5D3C-5B2F-4B54-81D8-841ADE99DCFE},,,,,109.103907864456,785.836311900885
200,Cart Drive Open Space Playground,,Playgrounds,{9EC13D84-5B20-4E23-9417-86141E30623D},,,,,75.5974024976119,277.557024550673
201,Low Bradfield Open Space Playground,,Playgrounds,{B6D7E347-330D-4C63-9E59-68271F95F93B},,,,,59.3928546861338,194.632609953561
202,Mosborough Hall Drive Playground,,Playgrounds,{842EA966-5273-4420-92AB-CBFD61016E25},,,,,95.8208490807965,537.463546105301
203,Angram Bank Recreation Ground Playground,,Playgrounds,{9CA8DEBB-3F50-4DC9-A6AE-FA558F789DC1},,,,,187.7726650488,2224.17808745117
204,Loxley Recreation Ground Playground,,Playgrounds,{5B7565C7-B2A9-452E-8664-84C5D89BD4E9},,,,,135.928818007067,1222.90523305777
205,Concord Park,,Park,{BDC84AE9-5C9B-4575-82AB-2253E2D59821},,,,,4372.06329261233,649979.856529622
206,Storth Lane Playground,,Playgrounds,{D15C95E4-5B7F-44AF-A96E-3B3D9E3435A9},,,,,54.8863404984572,202.839305080196
207,Wadsley Park Playground,,Playgrounds,{7350A4E4-C619-4B05-B0A5-95C76975B98B},,,,,146.392208374601,1256.13030476216
208,Wadsley Park,,Park,{693BE355-DCEE-4297-8FC0-0D0744054773},,,,,766.116061947937,20717.2599516208
209,Darnall Community Park Playground,,Playgrounds,{2387C126-BB32-4891-8C08-4ED710F1C95A},,,,,108.013047313468,851.098139418536
210,Deepcar Playing Fields Playground,Don Fields Playground,Playgrounds,{AF671160-ADD5-430A-870A-F99503287D66},,,,,68.3448781042826,213.342398333459
211,Mortomley Park Playground,,Playgrounds,{A1FC4D26-6CC5-4BB4-BE35-BF3DE16AEC6A},,,,,145.260679094494,1410.9414764528
212,Dore Recreation Ground,,Park,{F88D767A-F655-4A75-B122-2DFD9DD239F4},,,,,1201.97243637551,49679.2564045987
213,Wincobank,,Natural/Semi_Natural Green Space,{5AC4686C-C058-4960-8736-60786BE1D5E3},,,,,3861.70672562067,325915.658891521
214,Monument Ground (Cholera Monument),Cholera Monument,Garden,{1477F082-6E79-48B8-A898-D42472631DCF},,,,,594.259956713826,15847.3684633853
215,Pot House Wood, ,Woodland,{BF62FD8D-62C8-4BF1-ADB7-EE969CA752E6},,,,,1470.18252546431,36057.359682339
216,Coneygree Wood, ,Woodland,{8AC2B12B-BE91-41CC-91C0-06B63ED7FCF0},,,,,2785.20977712471,62360.7263595068
217,Carr Wood, ,Woodland,{6DE534AA-ACF4-4D0E-8CD2-0E058C6EB79D},,,,,1647.79795590683,59882.2446982247
218,Bingham Park,Whitely Woods,Park,{D7F97C21-09CD-4470-87D2-24861618DB54},,,,,3075.48081353518,238635.682546669
219,Hagg House Allotments,,Allotments,{9AB38FD6-D4E9-45C2-8420-9C06BF769F2E},,,,,1134.83877766887,43242.451248819
220,High Storrs Allotments,,Allotments,{25A9C85D-EB97-4D5F-B199-54AB03A38DC8},,,,,926.36414929208,30585.7151496745
221,Bluebell Wood, ,Woodland,{43723CFB-F809-436A-8CA1-622C4F578019},,,,,439.117067003839,6109.69455404696
222,Festival Wood, ,Woodland,{0AD54F38-A623-4385-B22B-7703E2196874},,,,,788.143230766847,22512.3968697543
223,Ouse Road Allotments,,Allotments,{96B2FDB3-74A5-43D9-A2E9-7B7A88E4A276},,,,,526.422701626147,7050.39920835736
224,Wincobank Common Woodland, ,Woodland,{C76284A4-C6C6-4DBE-B830-3583E91A9672},,,,,2138.94819775914,34764.6061723751
225,Ecclesfield Road Open Space Woodland, ,Woodland,{26B74E90-05AF-4B4A-A220-178C81B5E99B},,,,,3130.09958921944,35663.9260006074
226,Gillfield Wood, ,Woodland,{8AE87429-E783-4A97-B236-7FE35B117E1B},,,,,6558.27015750242,188300.591402255
227,Philadelphia Gardens Playground,,Playgrounds,{54F61D5E-46C6-4794-B348-F35817C2FCA7},,,,,81.3244469804668,412.749683183826
228,Acorn Hill/Little Matlock,,Woodland,{27768C0B-0657-4D97-A690-3419F54ABF71},,,,,2304.90970169655,116602.416721486
229,Agden Bog Triangle,,Natural/Semi_Natural Green Space,{88B8BED9-FB5B-4324-A056-2F0BDCA43C6A},,,,,209.843571156212,1917.84759377127
230,Angram Bank Recreation Ground,,Park,{DEBDCC30-DFC0-4B85-A146-33238CF65332},,,,,970.14506602732,42524.8112829739
231,Beechwood Road Open Space,,Open Space,{9B75835A-A943-4839-9298-D86B85ED2141},,,,,138.143101744479,921.184612357731
232,Birks Wood,,Woodland,{9E31E131-E909-4742-968D-8EBB527F390E},,,,,827.036396124266,37330.0335236644
233,Chapeltown Park,,Park,{105174F3-0250-4FED-9DE4-CC653224654A},,,,,2203.20061397429,100635.267160889
234,Charlton Brook,,Open Space,{4689AB25-50C3-4A97-8D51-394957C0477E},,,,,2914.23676628017,111196.707709483
235,Cottam Road Open Space,,Open Space,{7F4EBC89-A15E-4F78-8217-60173BD28E84},,,,,520.722615043482,9783.40397476257
236,Low Bradfield Open Space,,Open Space,{683DA2A3-910F-4B94-8047-C0B4B5998BCB},,,,,190.391804149077,1883.80387779638
237,Loxley Recreation Ground, ,Playing Field,{D4A33C56-9E66-4541-835B-4904E0405250},,,,,581.364840832639,20554.9834401495
238,Birley Edge,,Natural/Semi_Natural Green Space,{1360B673-2014-45F0-9410-918EEF5CCCAF},,,,,2045.11659865026,52406.1404982738
239,Back Edge,,Natural/Semi_Natural Green Space,{C0CDBC6F-6303-432C-9AC8-5DCC7A364DD7},,,,,1563.41826968039,57944.2909681234
240,Mousehole Allotments,,Allotments,{1377077A-9A3C-42EB-B3E5-4608FFA09E21},,,,,253.065124092646,3006.91354485366
241,Adjacent to Roscoe Bank Allotments,,Open Space,{EDBE5AB6-64FF-4CB7-9CC4-8F0E857494DE},,,,,82.6087221035792,368.051035805186
242,Rivelin Valley Allotment Woodland,,Woodland,{3EB10B56-18AB-403E-855B-7B439BE494BF},,,,,340.526899365478,4406.32675320017
243,Ughill Wood,Ughill Brook,Woodland,{7ABF8AC3-1D5D-4354-AEB3-B8BF3735A870},,,,,1226.99579809324,27229.0753805414
244,Banks Plantation/Under the Yew Wood, ,Woodland,{380FA333-F972-4281-91A0-AC79219C096D},,,,,872.177325125549,20562.6895304805
245,White Lee Moor Plantation, ,Woodland,{3288573E-DF4E-4889-A57B-B1BDEE5335F7},,,,,2919.32415949246,407505.080578917
246,Broomhead Park Woods, ,Woodland,{3FFD9554-DCFF-45A7-B9D6-9F71BB12FE84},,,,,1175.28851999428,72334.0550509513
247,Allas Lane Triangle, ,Woodland,{06F13637-FEBE-4959-854D-26D5268D303A},,,,,955.46632196118,39931.6246164495
248,Rushey Lane, ,Woodland,{73D7E8CC-124F-43F4-97F9-D1CF38A79D35},,,,,707.356523717839,24894.2398607602
249,Knoll Top Plantation, ,Woodland,{45E813EA-BBC9-456E-983C-C3F14B67D4B9},,,,,730.711982737124,12445.9836015252
250,Charlton Brook Woodland, ,Woodland,{23D5B9F7-2952-49FB-B9C7-76BC09F5C289},,,,,3491.19764938939,48147.0783651593
251,Mackenzie Crescent Playing Field,,Playing Field,{1EFD0282-8CB7-4C89-BD2A-1FDA1024EEFA},,,,,437.497855450816,9772.41867985325
252,Ash Lane Wood,,Woodland,{96EAE51F-1318-4F21-8D45-7357F8463390},,,,,220.82322995089,1927.45569605782
253,Wood Willows,,Woodland,{D5301441-30F0-42BB-BA72-F103A35F092E},,,,,498.139015389376,5592.86478335785
254,Mortomley Park, ,Park,{DE0F30D1-4837-4123-943E-F18818EADB26},,,,,930.263042390387,45774.4608052559
255,Stocksbridge Cemetery,,Active Cemetary,{4956DBB0-1C73-45D9-86F1-18F566C5EABF},,,,,561.713394341078,20436.2079342077
256,Howbrook Reservoir,,Open Space,{2277437B-91E8-4026-9265-F2A44BF7B4EA},,,,,1082.17543758343,26173.5801006244
257,Parsonage Farm Playing Field,Townend Common Playing Field,Sports Site,{29C21636-AB44-43C2-ABCD-DAD2846AF64C},,,,,1065.25752393275,37117.8419950596
258,Ruskin Park, ,Open Space,{EA3C24AA-CE6B-46CA-8571-675D1BCEB6D5},,,,,899.421116213167,40034.0383289191
259,Gulleys Wood, ,Woodland,{7D8B04AA-AB58-48E1-878F-FF5C0F33DE7E},,,,,576.646633216373,17900.7662394414
260,Deepcar Playing Fields,Don Fields,Open Space,{F9E48886-611F-49BC-92D0-5F982D136CF4},,,,,701.045936546801,11460.8744853597
261,Adjacent to Deepcar Playing Fields,,N/A,{E101DE59-B986-4274-B410-2624F6E63045},,,,,315.118259334508,2482.20409014926
262,Old Park Wood, ,Woodland,{156C9705-96DB-4B56-8964-B387E7729DCC},,,,,547.719297302468,17548.5441734348
263,Beauchief Drive Open Space,,Open Space,{0AD50501-E4E4-401E-8EA3-EC42805D3901},,,,,829.341247499414,16999.3591599611
264,Nether Spring Wood, ,Woodland,{5C26994F-B00B-42BF-87CD-BEA3D6D38FDD},,,,,1049.67072428183,16897.1104159585
265,Mill Lee Wood, ,Woodland,{026F4740-3337-4C3A-9821-5D2BAC40CC05},,,,,449.812828750465,10045.7295113213
266,Thompson House Plantation, ,Woodland,{9A1D03D7-F6F4-4D12-84C3-A3FA335464D2},,,,,1725.21955161206,92333.2590592176
267,Eleven Acre Plantation, ,Woodland,{B6E2DFF9-67C8-4871-8231-211209F2560A},,,,,1666.11871194872,80667.9115536794
268,Bitholmes Wood, ,Woodland,{1A5378AF-60D7-4805-B5F7-934B1EB40CCC},,,,,1780.19017104012,30189.3868676138
269,Carr House Plantation, ,Woodland,{35239332-A350-4A1A-9A61-03647917CDFE},,,,,242.773174884856,3296.30739195939
270,Weston Park, ,Park,{79783186-432F-499B-9D09-A37C1891545A},,,,,1295.3801179156,52673.435116027
271,Wisewood Paddock,,Open Space,{33D87CD9-5648-42DB-8B94-38DA6A23FDBE},,,,,165.685865212005,1614.8997510983
272,Coppice Lane Wood,,Woodland,{068545E5-A1BE-4360-AEFF-A8E715059192},,,,,188.224158448302,1818.53564719457
273,Deer Park,,Park,{5467FC14-F846-4F15-9334-EDA0FEA6AF32},,,,,1032.90112052637,33765.7960331617
274,Ben Lane Open Space,Spider Park,Open Space,{0DCC651F-7FDA-4496-9CDD-9DFBD81E59D2},,,,,685.970434011056,22592.9256702005
275,Old Haywoods Allotments,,Allotments,{B4A25B6F-20D3-4685-86B3-A608A59E1E4B},,,,,288.584736175915,4374.92202369623
276,Oughtibridge Cemetery, ,Closed_Churchyard,{B4EE7C6F-CC6D-4CFE-88AE-13ACEDBAE0A4},,,,,393.749867371494,9783.01527628007
277,Oxley Park,,Park,{2DA98792-643F-45C2-BFDA-DC5FA36B5072},,,,,1846.81288150627,146226.125641777
278,Westwood Country Park,,Park,{DB45B7D4-5E33-4C98-88B7-273FE0386C46},,,,,4240.01002661843,744927.350983459
279,Westwood Reservoir,,Open Space,{E17A85DF-8AEA-47F0-AF6A-6F5110E3C7CB},,,,,1317.44459904452,33504.3939423148
280,Wharncliffe Avenue Open Space,,Open Space,{6C337A23-7CBA-4EEC-A023-84E71E885956},,,,,583.160006146383,12775.1892216586
281,Bolehill Quarry Allotments,,Allotments,{89A20C8D-8E97-4837-897C-545FC00506EC},,,,,394.220597737994,4068.08072139079
282,Ponderosa Wood , ,Woodland,{B8E4B7BB-7BA2-4A5B-88C0-EABF081D432B},,,,,1645.68812551259,32793.7355023232
283,Hutcliffe Wood, ,Woodland,{F7B0BCB1-F733-4A86-9542-1CF0A6BE6D72},,,,,2572.20773557699,113674.773737841
284,Norton Lees Allotments,,Allotments,{5A01398E-E98C-4CEA-9D54-C789BE35BF4A},,,,,556.184175313017,17728.066648686
285,Norton St Pauls Allotments,,Allotments,{71BD8FC3-FD99-451C-9C7E-B2721B5CFBF4},,,,,327.069611315725,6540.17167576189
286,Blackbrook Wood, ,Woodland,{0EBD4AC0-D157-4928-B9EF-4CD214023781},,,,,2512.02205243734,159716.144428995
287,Vicarage Lane Allotments,,Allotments,{2FB5E716-FADA-494C-815F-F4149E0F5BEF},,,,,330.144793682833,6052.2670951695
288,Firth Wood, ,Woodland,{10EC5090-840C-427A-A2D6-93E432304F2E},,,,,1071.90216789563,68402.2380475365
289,Wisewood Cemetery,,Active Cemetary,{B5C2CCBE-BD7C-4D13-AC12-888E8B0CCF03},,,,,1279.94042994574,70606.9374697049
290,Worrall Recreation Ground,,Open Space,{7C6BCAE9-7B0E-4D8B-9A73-530A78457623},,,,,885.317956223399,34957.3263358078
291,Glebelands Road Open Space,,Open Space,{6265CC78-1734-46E6-A7B3-7B8E35D0771B},,,,,93.3713515275179,463.859219330077
292,Grenoside Recreation Ground,,Park,{30883933-CC0C-412C-97D6-8CAF026404B2},,,,,1188.82176134575,51114.7348442982
293,Hawthorn Avenue Allotments,,Allotments,{B6C00AFA-4DA3-4053-8A05-3324FA016D03},,,,,87.7601191011054,463.327202588429
294,Hollin Busk ,,Open Space,{ABCC6ECE-A71F-4241-9B4A-D1D35FE46F61},,,,,271.765364933298,4533.88082212827
295,Land adjacent to Burncross Community Centre,,Open Space,{F48CF344-D090-43D7-996F-1ED2C85E3AD5},,,,,662.098524418593,15496.5360791791
296,Rowan Close/ Willow Crescent,,Open Space,{6EBCCACA-6FBB-4A33-A362-8D4D044F27BD},,,,,767.343811891076,16668.7029427147
297,Rundle Road Open Space,,Open Space,{66362457-C819-4E8A-B1D6-B2AF8E632AD7},,,,,147.066136229906,1296.56670434014
298,Spink Hall Open Space,,Open Space,{63FBDE53-D7CB-4165-872B-D066E23479D8},,,,,390.622035645693,7067.45810571082
299,"St John's Church, Chapletown",,Closed_Churchyard,{F9B3E4F3-F362-4001-ADB3-351B23F5EE36},,,,,311.798119349494,5486.03995709864
300,"St Mary's Church, Ecclesfield", ,Closed_Churchyard,{BC63F94C-9F91-4B2F-ABDF-334DBB591BE6},,,,,439.307857004686,10866.4304052456
301,Oaks Piece Wood, ,Woodland,{907AE3BD-524A-46FC-9304-C48B1CB92426},,,,,1091.55789949495,65540.2418260193
302,Wragg House Plantation, ,Woodland,{E0861EA5-56C9-48E0-9DA3-32DA98D0C587},,,,,2085.41236417899,176932.367005643
303,Doe House Wood, ,Woodland,{982A8D5C-2393-445F-B37F-39E8127F2BEE},,,,,956.588867609312,45835.7826539747
304,Windy Bank, ,Woodland,{C81FDEE9-B17A-4A41-8FD8-A12CFD636B2C},,,,,1253.47303386302,68318.3873352324
305,Stubbing House Lane Wood, ,Woodland,{61648B0F-BA0A-43DF-A49D-3B08DB4FDA56},,,,,430.96496757974,10604.7215444005
306,Surrey Farm Plantation, ,Woodland,{6EEAA776-F414-4D1D-B076-9D944BD88828},,,,,1178.37305669571,67926.9079426351
307,Poggs Wood, ,Woodland,{B44DF535-9D2B-400A-9DE6-39AE36928FF2},,,,,3617.5697208702,253528.022448857
308,Foxfield Spring Wood, ,Woodland,{AE75EDF1-F041-4355-AAF5-8D5DCEA310E8},,,,,816.024920607777,30503.8704051933
309,Stanley Road Allotments,,Allotments,{2D3AA54D-72C7-4BFD-B116-92B85CD80DDF},,,,,327.186527753735,5946.72238867628
310,Stannington Park,,Park,{364ECB74-05F6-4FEF-8143-A7E4045F67C6},,,,,1282.36613776694,50324.0727320059
311,Stannington War Memorial,,Open Space,{D21231E6-4824-4576-B081-97C615BAC05E},,,,,158.230912963751,1518.26325169787
312,"Storth Lane, Wharncliffe Side",,Open Space,{EC2A7EE4-C044-43B5-9042-858889B6050D},,,,,430.760182701263,9929.8552678825
313,Bedford Road ,Crag View Crescent,N/A,{73D4180A-AA11-4695-A755-CD0CB059D5CF},,,,,50.8345400615065,87.1447638840984
314,Colley Close/Holgate Road Open Space,,Open Space,{5D75560A-8F5C-4CCB-A660-39EB471F2397},,,,,396.568850862975,4176.92889152254
315,Tunwell Park,Wooden Park,Open Space,{40CF8C95-FE8B-45F2-B61A-FDA76FFBA6A0},,,,,476.226831110064,8750.66832992562
316,Colley Park,,Park,{A1D287D3-F25D-42D8-8BAC-76103FF50D98},,,,,1196.2828583923,76398.9521059575
317,Cookson Park,Halliwell Crescent/Wordsworth Avenue,Park,{2808730E-C54D-4C74-A106-8C1DE649078F},,,,,850.278295218904,24742.8078185827
318,Cowper Avenue Open Space,Grimsell Park,Open Space,{54016957-D457-472D-9E03-38BE9A75850E},,,,,952.823169370361,27354.2763836533
319,Deerlands Avenue,,Open Space,{7746FF69-18E2-4966-A4A1-9856CC9BE4DE},,,,,82.3704433973388,326.77053632973
320,Nanny Scout Hut,,N/A,{F9B59FFC-610E-486F-99C5-79D25B0DC34C},,,,,119.856904482912,863.593620680755
321,Foxhill Recreation Ground,,Park,{36538346-02BA-425B-BC2D-64C4B8F8C6EA},,,,,649.980552313766,22265.9201913097
322,Longley Park,,Park,{73E2A26B-FFF5-4C4E-B59B-71C847928E38},,,,,2701.54064753145,287179.277467504
323,Musgrave Road,,Open Space,{C7E8DE1E-2FB4-4351-8D61-8A1654209A9F},,,,,748.160789737121,6664.51793184846
324,Chapletown Park Wood, ,Woodland,{ECE13FA1-CAF1-4CB7-AEC5-D73081CEE7A4},,,,,1840.48313749974,42451.371665342
325,Stannington Road/Uppergate Road,,Open Space,{4BC31EED-5FAB-499B-A1F3-76F27D386B59},,,,,392.079488918865,9700.16427576191
326,Yew Trees Lane & Wood, ,Woodland,{CD1B75C3-284B-4213-A579-BB6D57EFDC50},,,,,2971.4305261561,167734.035555759
327,Wigtwizzle Plantation, ,Woodland,{3C69C4CB-347A-480E-936B-A962DA9A5DAC},,,,,1367.93998863497,90275.8804976821
328,Morehall Reservoir Plantation, ,Woodland,{2D864125-EA67-4F06-AECB-544CB64BE410},,,,,2686.05511571661,173652.010617662
329,Dwarriden Plantation, ,Woodland,{D71F35FB-CB04-45F4-93BF-4B395C3A9785},,,,,2372.44150027405,159242.572562179
330,Horse Wood,Foxhill Wood,Woodland,{45AED002-85BC-4037-AEA9-67EEDD095F97},,,,,3122.37710056973,186699.787834251
331,Parson Cross Park,,Park,{BE7FCDF1-AFB2-4F4B-9149-781D352A7440},,,,,1908.63328062603,195161.41164485
332,Rokeby Road/Colley Road,,Open Space,{658CA06B-D47F-479A-AB5D-B38FBB23A668},,,,,273.194218405819,2450.29200240179
333,Tongue Gutter ,,Open Space,{595026CC-8FF7-4DB8-BF7D-E9A5BEBB9712},,,,,4574.50790928967,165365.654271002
334,Wolfe Road Open Space,Wolfe Road Park,Open Space,{E6E1FCED-ED90-42C1-B51D-E190774A3E6B},,,,,577.395834468276,10401.6358265952
335,Wordsworth Avenue/Rokeby Road,,Open Space,{81F1FCC4-5244-46D0-87F1-5805CFC05569},,,,,357.169654876605,3786.96930440231
336,Yew Lane/Halifax Road,,Open Space,{A672786B-8E28-4FAD-A92C-856DB61F9BA6},,,,,941.607958124817,14827.9149735931
337,Parkwood Springs North,,Park,{E10C480E-F406-4223-8A37-2FD20466FAA2},,,,,2277.78520225478,227593.615955133
338,Buchanan Crescent Open Space,,Open Space,{7AB1BBA9-8EB9-4DAE-A704-9EF60B4C059E},,,,,203.807777207109,2220.88983572654
339,Busk Meadow Park,,Park,{A3DDF2B4-BB18-477B-91F7-0663772B63B1},,,,,979.706452255906,22353.4673829068
340,St. Aidans Playing Field,,Playing Field,{27604913-EB9C-40BE-9511-2B6711020BDB},,,,,633.517926177708,28024.33160079
341,Arbourthorne Playing Field,,Park,{D7BEC1E7-3338-47FE-9DE4-653A6F797323},,,,,1376.84826367486,80087.4363740198
342,Arbourthorne Pond,East Bank Road,Park,{5D8CA832-E4E7-44E4-9372-3ECECA451610},,,,,1041.79103936481,31830.0773549749
343,Gregory Road,,Open Space,{1A46DD3E-84F5-4F7C-8EF8-50087454E509},,,,,745.373033520578,12490.9424692167
344,Burncross Road Recreation Road,,Open Space,{3287745D-A413-4023-8752-214F9AA29868},,,,,550.875038790468,14450.6652970624
345,Addlington Road,,Open Space,{04AF926C-989D-4D86-B77B-1EC960ABF04E},,,,,1188.45936191739,72193.8566996273
346,Addlington Road Community Centre,,N/A,{974AD918-FCCF-4B5F-8C42-FBAF7CBE4E80},,,,,240.572187689404,2465.71302968682
347,Brushes Allotment,,Allotments,{D0D5A6F1-8BA3-4CD9-8F56-1374D8C749E7},,,,,443.267792221057,8381.83362094475
348,Bagley Dike,,Natural/Semi_Natural Greenspace/Woodland,{60B8FBAE-B4A4-49D8-8225-88C8EA3E1975},,,,,1458.70147198252,39051.6337280455
349,Ecclesfield Road Open Space,,Open Space,{D170E93D-F40A-4C7C-BA3D-4CB6BF52FA74},,,,,1781.20289733337,77821.8464997269
350,Roe Wood, ,Woodland,{3267BF7C-E6BE-4C9F-8130-4E3EF48EF6AA},,,,,1713.75809071519,101218.809765977
351,Norton Cemetery,,Active Cemetary,{15ED63BF-7D42-452D-871C-6B52127D9AB9},,,,,863.247197955949,23772.9073821686
352,Lichford Road,,Open Space,{0E3B8671-F082-4D90-AC69-E912050D94A6},,,,,482.618418878739,10490.5934216915
353,East Bank Road Open Space,,Open Space,{D984B07B-4511-4B90-B751-968CB5C55186},,,,,744.256140275216,11205.3035318238
354,Kenninghall Area & Black Bank,,Open Space,{CA7F4749-7360-495B-A242-D48EDD07F09C},,,,,1082.49988065584,30230.8857147933
355,Black Bank Open Space,,Open Space,{3CEB0784-9FE8-43A4-B93B-3229BCD74281},,,,,1222.81423500085,47977.128461629
356,Park Grange Road Open Space,,Open Space,{14E99DF0-E35B-4C03-95B0-44FF3C199D17},,,,,343.942085892096,4966.70127812935
357,Guildford Avenue Open Space,,Open Space,{A5465FF3-9A46-4CFB-BC8E-F4889708C456},,,,,207.419553833673,915.286782112832
358,Craddock Road Depot,,Depot,{6E0336AF-2ED3-476E-BB65-7FC9B76D1E4B},,,,,136.787078985008,1041.43658188601
359,Norfolk Heritage Park,,Park,{84B450D3-DA85-493D-A5F5-B44DB6EFFFC5},,,,,3439.60532415716,295153.108087728
360,Chancet Wood,,Woodland,{B7892E73-E90E-4278-AC7E-52474E52D58C},,,,,3077.12616860293,115715.016307841
361,Beauchief Nursery,,Open Space,{B5160A82-48B8-4662-A88C-882520A65424},,,,,838.263540684651,43779.4989739899
362,Bradway Recreation Ground,,Playing Field,{AC32CFE1-98F3-4706-9251-F40F1CB1136C},,,,,968.894379476456,28498.0664896513
363,Greenhill Park,,Park,{427CFE03-07F7-4547-BB92-AB16721429B2},,,,,2543.2510755719,120705.798579187
364,Meersbrook Park Walled Garden, ,Garden,{E7634694-8595-44A0-85C4-11FCCEE5BAF2},,,,,274.898895467229,4830.39913907282
365,Raeburn Place/Herdings Youth Club,Herdings Youth Club,Natural/Semi_Natural Green Space,{C9C0B3C7-4AAF-47F0-B4FB-AFF0DBE38A63},,,,,237.972741221202,2234.1749136993
366,Edgefield Road Allotments,,Allotments,{ED56AF0F-A1E5-4515-86A7-3C993E63FD8C},,,,,290.052877696592,2937.06110313748
367,The Lumb, ,Woodland,{42D13C73-716E-4C25-804A-724D84922483},,,,,1145.81352775163,28527.1261863969
368,Rollestone Wood, ,Woodland,{AD211BE4-0234-4C9A-94AB-8B58C2CFB50E},,,,,3802.88291567365,170591.136226499
369,Cat Lane Wood Pasture,,Natural/Semi_Natural Green Space,{6528DB0C-F3A8-4ABC-8130-62A1DF1B18C2},,,,,466.521313608715,5538.52714386539
370,Blackstock Playing Fields,,Open Space,{0C3AF09C-63E4-49FC-AC56-A421AFE3D367},,,,,1413.71976491542,87307.6269948807
371,Coneygree Wood Scrub Area,Coneygree Wood Scrub ,Natural/Semi_Natural Green Space,{6FE55222-A805-4245-8580-84E97BBB242A},,,,,737.416411062228,13323.9747833586
372,Barbers Field,Fraser Drive Open Space,Open Space,{E6DE44BF-46E2-4749-A88F-DFBA88B46775},,,,,946.27776407425,26513.5080941814
373,Bowman Drive Recreation Ground,,Park,{952D506F-D395-4A60-A9F2-CA67B662B070},,,,,1184.44621684728,51256.9689146464
374,Carterhall Recreation Ground,Charnock Recreation Ground,Park,{25E789A4-1852-4783-B336-ED7E60DBC17D},,,,,978.770345449616,39297.5656018701
375,Buck Wood,,Woodland,{BC16976B-8AA1-4E68-912C-2FF9EF292536},,,,,1852.61368962239,91925.4122205593
376,Jaunty Park,,Park,{3A8C3C6A-F1FE-4ADE-AF42-89EDF2F231C8},,,,,2799.58280116986,181131.246970563
377,Hollinsend Recreation Ground,,Park,{F9DA3E52-E658-45DF-8D98-197F9A7628A6},,,,,1260.08349504242,66793.8425673859
378,Herdings Park,,Park,{B598E9AD-5D03-46FC-B6F1-B08EE2F5D2EB},,,,,919.549044288273,49102.1131390165
379,Summerhouse Wood,,Woodland,{48B2A11F-8911-4D1D-9190-8CDCD53F2AFC},,,,,1577.00494091912,51418.5358133773
380,Lowedges Road Open Space,,Open Space,{4E82246E-B834-4BAE-B38B-E8AAB2FA022B},,,,,381.850789531116,5853.40945936333
381,Becket Avenue,,Open Space,{08CC7F02-F780-43C3-A14C-9F08E0D8CE6F},,,,,175.327834003273,1727.98916100414
382,Lowedges Crescent Road,,Open Space,{EBF7E0A9-A3C6-49BE-A922-0856EBCDDE86},,,,,220.218691821734,3133.96819159843
383,Lupton Road,,Open Space,{BF0CB4C4-3966-467E-8527-BCB410F6B4FD},,,,,505.448674372814,9568.23601893591
384,Batemoor Road Open Space,,Open Space,{3D59C032-FBAE-4E3B-94ED-0C59F4E266F2},,,,,771.716635925147,22139.1679842081
385,Abbey Lane,,Open Space,{93D92EA5-5448-497B-BAA5-2B11AC3A0CA9},,,,,688.973474872475,14223.6499835993
386,Herdings Wood, ,Woodland,{3E97BA2F-F03E-4CCB-ADB0-77631928B52A},,,,,2016.26566124026,27524.3228748322
387,Lees Hall Wood, ,Woodland,{0CB9742A-1694-4E35-AED7-5F1742E2898C},,,,,2833.62034516572,156134.143320187
388,Ladies Spring Wood, ,Woodland,{5009BAD9-A284-4185-8CA3-B618453AD0AA},,,,,3638.28433873618,146476.407643051
389,Beauchief Golf Course,,Golf Course,{92FC7263-AED3-4CF7-A477-98F3E41D3957},,,,,4380.99216450391,393216.709775864
390,Dowey Lumb , ,Woodland,{43A89FF1-D6E1-4AC7-B278-1372ED679057},,,,,707.73715181566,18910.8770918593
391,Bridle Road Wood, ,Woodland,{3425D22D-954D-43B5-BC65-4504E26FA2B6},,,,,670.886157337597,9550.22352202083
392,Newfield Spring Wood, ,Woodland,{EF3D235C-3863-4A9C-A9E1-A8FBB023253E},,,,,3559.80586840338,65588.0316420485
393,Chancet Wood Open Space,,Open Space,{267D95D4-4DAC-4891-A2E1-AEE266BBC41C},,,,,1125.76688762153,32345.7553092645
394,Bocking Lane Garden,,Garden,{C5F63484-AD50-4621-922A-E9531B42B407},,,,,298.817269122571,4338.22672347083
395,Graves Park,,Park,{845041C8-6920-42BF-8221-70168D6C736C},,,,,4797.21082455335,869852.30109751
396,Ridgeway Road Memorial,,Open Space,{DFEF2DE2-407F-4D6D-8C5A-2A932AA58A7B},,,,,218.105170177553,2462.72283513425
397,Seagrave Road Open Space,,Open Space,{DD5B4DA9-727D-4220-89A2-37BF702E850E},,,,,478.854453050457,8713.6249969056
398,Carson Mount,,Open Space,{1D217D4D-0FDD-4A85-B769-AD07FAB569C5},,,,,452.183940685067,2418.13223314979
399,Gleadless Common Playing Fields,Myrtle Springs Football Pitches,Park,{F3E0225E-0FD5-4B1F-9BDA-48F795D361E6},,,,,1740.66921569208,67293.5939180642
400,Bowman Drive,Bowman Close,Playing Field,{B1423462-D8BF-42CF-A9FB-CEAE284371C2},,,,,509.783157588711,7429.27980643088
401,Briarfield Crescent,,Open Space,{42F45196-0814-4B5F-8AA6-552B5DCE5EB3},,,,,201.162825521064,849.652369643173
402,Hurlfield Quarry,,Open Space,{C113FAC5-9060-4C8C-B030-9927593E1F07},,,,,681.856396205997,17649.135289642
403,Herdings Park Highway Verge,,Open Space,{C86A7443-960D-4AA6-9D12-1317D8C8814E},,,,,283.338097043018,2240.09034707542
404,Crystal Peaks Meadows,,Open Space,{7997F677-8D2B-49D7-85F4-825A89CEE3FF},,,,,467.663343404961,12990.0924716624
405,Woodseats Allotments,,Allotments,{94F32A83-8798-498D-BEDE-1FD992DC1552},,,,,976.514862134877,54372.6847470336
406,Marriot Wood, ,Woodland,{25BC0EF3-BC3A-43AA-9570-9A89734AD9BE},,,,,740.098841265122,19741.8692326972
407,Park Bank Wood, ,Woodland,{85F3CA88-AD19-4375-8869-AB94CDE494A4},,,,,1728.44249799532,79301.5361862826
408,Leeshall Playing Field,,Open Space,{CAEB1D7F-7595-4B66-B4F1-D02BB9810EE3},,,,,883.851739808213,33126.8375186879
409,Norton Nursery,,Depot,{DC723EEF-2710-4748-B74B-7528B069726E},,,,,858.390692307164,32735.3763167798
410,Lords Seat Wood, ,Woodland,{C60D9226-4EAC-4F5E-A4F1-BA2039F0E236},,,,,1964.98745278482,160678.867940503
411,Hollinsend Allotments,,Allotments,{07C5770A-EC1F-4D71-B455-7F7DDDB340E8},,,,,512.486123080382,8850.99228495576
412,Heeley Common Allotments,,Allotments,{E770F2F7-8D8F-42F2-93A0-6ABB104C0F59},,,,,497.267367014387,9458.99907154943
413,East Glade Way Area,,Open Space,{2A6625A3-4116-4DAC-8C4F-1CEE09739C9C},,,,,670.902481871332,16177.5657290754
414,Edenthorpe Grove Playground,,Playgrounds,{8B2BC4EE-A861-47A0-9F79-C520D0E5B228},,,,,48.0362987312776,162.643078697153
415,Revill Lane Open Space,,Open Space,{EF6FFCB6-5E71-4F08-BD0D-BF39EF839080},,,,,601.836544899192,12800.0885163375
416,Richmond Allotments,,Allotments,{3B606B16-528D-4EA1-8F71-EF737173033D},,,,,209.368674276161,2704.80184177721
417,Smelter Wood,,Woodland,{1A4C3999-02DB-4DB8-AB45-13914E52B27E},,,,,1429.22984406588,26573.2704042626
418,Jackey Bank Allotment Woodlands,,Woodland,{50F0615D-9636-4F90-A725-336259B01912},,,,,661.064936624651,18201.001274879
419,Richmond Park,,Park,{4C12BC1E-472E-432D-B3BF-DE3E3D60B1DC},,,,,2909.0493416957,260593.519766429
420,Woodhouse Washlands Nature Reserve,,Open Space,{0D2062A5-965D-428D-9A9A-F985355E4D54},,,,,5866.05191732692,564006.258477341
421,Farmfields Close,,Open Space,{A00C6229-4E66-41E6-A24B-2D56865BAB10},,,,,411.615484823514,8222.59647418575
422,Fox Lane Playing Field,,Sports Site,{C5A0017D-3F50-4E6A-A10F-4D08EA20B1CE},,,,,1810.44939829718,131880.614883665
423,Frecheville Pond/Community Centre,,Park,{79EAEC3A-361F-469B-8901-4607665EEA67},,,,,610.883916811056,16301.849348439
424,Grange Road ,,Open Space,{7B90191E-A4CC-425A-B153-5F3847B02884},,,,,539.973950811284,12529.9353995689
425,Grizedale Avenue,,Open Space,{0F292D6F-ED08-4712-B256-E7F83FC46F2D},,,,,173.817928810621,920.790571563552
426,Grizedale Walk,,Open Space,{83E1BC0F-6363-44AD-902F-9B5CDAFE896C},,,,,189.084778672426,1671.92478432932
427,Rose Hill Avenue,,Open Space,{4B19C279-4BD1-4E53-BF7B-4F43C120DBA1},,,,,445.921658596502,3535.46875336522
428,Shire Brook Valley,,Natural/Semi_Natural Green Space,{ABACF806-9399-4003-945A-C066879C6E4D},,,,,6896.78964932341,1132934.47218777
429,Ferncroft Avenue Allotments,,Allotments,{56231502-FA21-4C8F-9C86-867AFCCA355B},,,,,194.286302873896,1551.30203250175
430,Junction Road Allotments,,Allotments,{5EF70F80-D542-4892-B37C-88F93E0D0C46},,,,,140.363847763855,1285.31532898895
431,Mosborough Old Nursery, ,Woodland,{72AAE60E-C0F7-4F58-99E6-7C4CED96FA91},,,,,1155.09100844764,34371.8531591559
432,Dyke Vale Open Space,,Open Space,{48609287-E29D-44E8-89B7-4E436E78A978},,,,,414.849779275849,9628.89813877597
433,Lundwood Open Space,,Open Space,{90271AD0-851D-4892-ABB1-6837EF171FCA},,,,,864.350018035555,10434.370067539
434,Seagrave/Lister Crescent,,Open Space,{FF3CF02F-38AB-43B7-A64C-4B2DA9303357},,,,,325.125018910624,3242.60298651628
435,Hayes Drive,,Open Space,{26E32074-B804-41B4-8330-EFD5A80C4E68},,,,,203.234105141927,1936.42585943891
436,Arms Park Drive,,Open Space,{2EA1DF4D-523F-4F21-96B9-D05DEF975D1A},,,,,99.2200504013642,374.803485537133
437,Armstead Road,,Open Space,{C6F38B59-81AC-4EC8-8A3C-A03BE26517A4},,,,,45.4052949160687,118.719582497854
438,Beaver Hill Recreation Ground, ,Open Space,{B9DA39DD-F254-400F-B9F6-119636E9EED7},,,,,760.833285248556,25347.3101615822
439,Beighton Sports Ground,,Sports Site,{02C84C44-4206-40B2-85F1-25E6D9666867},,,,,849.726343820971,30701.9694246802
440,Birley Spa Lane ,Rainbow Park,Open Space,{6BCBBFA1-0119-4F09-8538-F0DF9A5993C2},,,,,666.910623884836,12919.0326511839
441,Waterfall Wood,,Woodland,{F6041C0C-EE47-433B-8C24-CED17266E88D},,,,,915.511955847928,32015.2572834674
442,Cobnar Wood,,Woodland,{9FC44471-713B-4013-9CB7-610FC30FD50D},,,,,3356.36958749415,145817.869281344
443,Bridle Stile,,Open Space,{36E78833-ABCA-4360-B125-E507EBADA609},,,,,219.189009389808,2358.47606847567
444,Cairns Road ,,Open Space,{6E38BDC4-C5ED-4310-9A18-C01AFC85A8F4},,,,,225.35949431146,2858.01624297425
445,Cardwell Drive Open Space,,Open Space,{59FA31FB-47E4-4C6C-BD56-3A5B7BE9A16F},,,,,327.120799228124,5184.94024592778
446,Church Lane,,Open Space,{DBEDC8EC-992F-412D-AECA-C9CA77BD0E68},,,,,516.061515233511,15288.7041739982
447,High Street/Hillside,,Open Space,{E55EA56A-0336-414D-910E-88B35BCDAC68},,,,,208.886709584941,1989.04154265212
448,High Street Open Space,,Open Space,{81150B88-C4CD-41C9-9D08-853E46DA57E1},,,,,565.426164658187,14069.5285314524
449,John Hibbard Avenue,,Open Space,{E74673C5-26FC-4FB7-AE3E-2361CD3E2A80},,,,,279.544997996235,4299.74392045369
450,Birley Moor Drive Allotments,,Allotments,{44C704AA-88A1-436C-A5D2-C7BD828D7AD6},,,,,358.057975732017,2872.76597112504
451,Birley Moor Way Allotments,,Allotments,{D328D608-E8E2-4489-9471-631589A31FE6},,,,,255.198172647204,2050.10775448816
452,Elm Crescent Allotments,,Allotments,{7D81C331-528C-4A3B-8987-BA6929E8065C},,,,,283.219501796584,4201.33177805637
453,Lamb Croft Municipal Allotments,,Allotments,{24109CC0-30C4-45F3-8794-64E620D82388},,,,,517.625021850219,10587.6415156455
454,Reignhead Farm Allotments,,Allotments,{33F511DA-8CB0-4772-A979-E93C220A285F},,,,,643.67323891179,8378.35817593288
455,Shirtcliff Wood, ,Woodland,{41A6A3F2-95FD-4AE6-BB05-87EFCD38A115},,,,,2032.40314929712,114019.256318055
456,Victoria Road Allotments,,Allotments,{C3E46C89-0567-4A6C-9722-5FE0FC245313},,,,,802.455059979914,20986.1211984057
457,Westwood CP Wood, ,Woodland,{1D618C64-44A8-444B-9376-42FE413CFF68},,,,,1875.11408619264,55777.4644184811
458,Thorncliffe Wood, ,Woodland,{9C4A8C3C-5E75-48A1-B34F-40DFE064F8F4},,,,,2238.07756088288,141766.255678698
459,Thorpe Hesley Recreation Ground,,Park,{1C6615DF-2564-4274-8D1F-B4D8C94D11D8},,,,,538.020578121373,14369.9433997889
460,Spa View Place,,Open Space,{6E8AB240-15F6-4237-B9F3-7D9B2339DF04},,,,,181.769588965819,2058.49862114346
461,Station Road ,,Open Space,{B68F93F3-DD0F-4A61-8BB1-889A881B68E5},,,,,124.456963142791,520.552196190894
462,Stonegravels Road,,Open Space,{61FE7516-9A90-4E8D-AAEC-FFAB1D6B9090},,,,,105.664026065871,609.117517182922
463,Stradbroke Road Recreation Ground,,Open Space,{602C289E-2002-473F-BEA8-98A6FA2104D5},,,,,567.476861173737,17742.4842695302
464,Auckland Way,,Open Space,{CC796D87-F458-4B55-956B-ED02A5A45E38},,,,,437.619247100024,6009.40332475352
465,Streetfields Open Space,,Open Space,{2EE1096F-C64F-4DAF-AC59-E2A48BBECEAC},,,,,194.516244892346,2472.84037005481
466,"The Mound, Challoner Way",,Open Space,{EB2D4C79-7EF9-41A9-8355-6B6DC5BF8186},,,,,644.412058147786,7169.46884764161
467,Thorpe Green Playground,,Playgrounds,{BE4080A5-496D-4856-A352-422689717F13},,,,,215.616927392049,2960.45535066937
468,Twickenham Court,,Open Space,{188ADEEB-2A9E-47AF-8448-68EE1987D9B7},,,,,90.1355989355666,412.339766160514
469,Waterslacks Road/Sheffield Road,,Open Space,{E17F14B8-FAF3-4726-BE92-724D10AA4E99},,,,,653.295852053539,11379.2611404637
470,Waterslacks Road Open Space,,Open Space,{018674B4-E10C-4F38-9E96-FC625F48B721},,,,,835.284836925774,22462.627737565
471,Waterthorpe Open Space,,Open Space,{83F052DE-A2C2-4E01-9DFD-DA1161C2FCE3},,,,,1898.44557932741,39346.9100595333
472,Waterthorpe Park,,Park,{67C8336D-6B7F-47ED-96DF-C4FAC2BC4BC1},,,,,1979.50572651159,86278.8328682246
473,Westfield ,,Unknown,{5693C402-D835-4908-A7AA-A59E3985C83E},,,,,2701.49603785239,150984.254064109
474,Westfield Southway Open Space,,Open Space,{D652D114-6DCE-4F7B-A4AB-CC1948E52573},,,,,613.361014920999,11319.8112372998
475,Westland Road ,,Open Space,{BD6097AE-BEC6-4D45-8775-9D3B7FE49E0E},,,,,229.872308511254,3631.22525562238
476,Woodhouse Churchyard,,Closed_Churchyard,{E5053FE1-F53B-4046-859A-85F4F82D5A44},,,,,670.299200941822,28438.2169191673
477,Roscoe Plantation, ,Woodland,{7DBA5D76-85BA-490D-B566-5453013B40AE},,,,,1388.76971698454,54322.8420944025
478,Tofts Lane, ,Woodland,{6DA1ACD9-1C89-4721-A89C-3C963670B073},,,,,845.72047736508,16022.7724026796
479,East Park Open Space,,Playing Field,{A48F8044-433F-4BA5-AA5D-130A84B7AE31},,,,,903.509913083576,32145.9085958029
480,Malham Gardens ,,Open Space,{4DAE8689-2DD1-428C-82B7-A1ADC2657493},,,,,163.958737219082,1154.06254119143
481,Farm View Drive,,Open Space,{3DA9E32A-9A8F-49BE-B092-14E8E3617781},,,,,130.163714151157,478.862318009249
482,Denholme Close Recreation Ground Playground,,Playgrounds,{24CBCF7E-ED8E-4CF5-81DF-D8B7FBDF5D51},,,,,170.986696815106,1696.1552224977
483,Dore Recreation Ground Playground,,Playgrounds,{3DA22021-B790-431E-9F5F-852488335B6E},,,,,154.795434216891,1005.03753876348
484,Earl Marshall Recreation Ground Playground,,Playgrounds,{97F272EF-6D6A-4581-A450-8AF8BF6C1060},,,,,107.517938853713,733.5463483761
485,East Glade Way Playground,,Playgrounds,{3416F440-1169-4A1D-A8D4-D2EEDADFC81B},,,,,89.3997497888976,195.308997401519
486,Ecclesfield Park Playground,,Playgrounds,{8D26E824-E546-4DD2-AAFD-8AD48BCCBA0C},,,,,234.27725569505,2600.75946664368
487,Ecclesfield Road (Woolley W) Open Space Playground,,Playgrounds,{416D5EE4-8E9D-4965-8EA2-BA692BA8B44F},,,,,113.676727260211,674.676905530333
488,Gleadless Common Playground,,Playgrounds,{F60EDB01-3003-4361-B191-77ED44D541EF},,,,,110.26444596772,823.535150389401
489,Graves Park Cobnar Road Playground,,Playgrounds,{C1E4D257-6920-4075-BFC0-ADA082D44634},,,,,189.322910680739,1976.55139734202
490,Green Oak Recreation Ground Playground,,Playgrounds,{89FE2758-467F-40CB-A46F-F6A63620904D},,,,,122.09828688938,760.089130938763
491,Greenhill Park Playground,,Playgrounds,{463B2B5A-71E3-4D69-8B77-EF23E949E4EC},,,,,207.775929062834,2298.65294795235
492,Darnall Neighbourhood Park Playground,Greenland Close Playground,Playgrounds,{0DECC469-5C5C-4AB3-9A47-E86DBF1C7E92},,,,,80.3795590537812,368.209487539912
493,Gregory Road Playground,,Playgrounds,{498CB338-166D-4688-BE23-0BB09AB8149F},,,,,75.9169385835072,358.375749871545
494,Grenoside Recreation Ground Playground,,Playgrounds,{98D3210E-05F9-4C9E-8DBE-2E673206C97C},,,,,150.807551961216,1347.16812932077
495,Handsworth Recreation Ground Playground,,Playgrounds,{21D9E8C0-C7D7-4415-934F-0976ACEEB058},,,,,332.712174384156,2654.78155021592
496,Upper Porter Clough,,Woodland,{5FFE5B2E-E72B-425A-B596-75E45D2FB05E},,,,,1819.56063593971,77670.972881978
497,High Hazels Park Playground,,Playgrounds,{BBC155BD-27E6-46E6-9C98-EF65ABC20556},,,,,231.05195305562,3218.80458562978
498,Hillsborough Park Childrens Playground,,Playgrounds,{73CCECD5-8C35-4C65-84EC-8F37572AA116},,,,,303.642382992154,4811.55552309131
499,Hollinsend Recreation Ground Playground,,Playgrounds,{90DF2259-8483-4647-AFE4-121B9D1A323F},,,,,143.931372838722,933.837399465382
500,Cart Drive Open Space,,Open Space,{0F533A8C-AE7D-4FE0-8101-CE50E650801E},,,,,467.972544314178,6249.10653257634
501,Mauncer Drive Allotments,Mauncer Drive Pigeon,Allotments,{5E60C8FF-3341-4390-915B-9BE2029277B6},,,,,180.97129200053,1932.54973712634
502,Moorthorpe Way,Ochre Dyke Open Space,Open Space,{DF77885C-B07D-4E81-860D-F1BE29270F46},,,,,1074.13282293796,23517.3345024546
503,Mosborough Hall Drive Open Space,,Open Space,{203A762F-2C60-4817-A9B6-F2493840D2D5},,,,,242.454250894223,3685.47036813481
504,Occupation Lane Playing Fields,,Playing Field,{CEF1E610-8D70-460C-9FA6-0D7DE522DF92},,,,,670.372226205197,21113.8886175179
505,Ochre Dyke,,Open Space,{CB9789C0-82C6-4FD2-A557-5CC4DD117212},,,,,1934.76120135418,30586.770326844
506,Archer Lane Allotments,,Allotments,{C9BC7424-EB3B-4FCD-8A2C-0E13123E71BE},,,,,1328.81645906427,35904.578213367
507,Plumbley Lane Allotments,,Allotments,{4DEFCB25-257A-4A52-B8B0-68F39B488BFD},,,,,513.385937714266,7124.39558698932
508,Wyming Brook Woodland, ,Woodland,{167396EF-BA18-45A7-95C5-34910701D5E3},,,,,9603.5236500213,534327.869287417
509,Totley Brook Open Space Woodland, ,Woodland,{404CC517-7818-4B6C-BC76-AAEFE296FE74},,,,,743.980470474976,9128.72479493891
510,Green Oak Recreation Ground,,Park,{961A9581-DA7A-4C0E-A16B-26D9E84C7CCA},,,,,823.719631634772,36468.6324526669
511,Lodge Lane Open Space,,Natural/Semi_Natural Green Space,{F132BF41-3BC7-413D-AF22-3C361D555EAB},,,,,1662.76256636242,82823.7179801985
512,Blackbrook Road Playing Fields,Spider Park,Playing Field,{9EDA27AC-63AF-4E98-887C-FDC8BB978F59},,,,,801.970368650145,38131.5775414486
513,Beauchief Gardens,,Garden,{1DC7F25A-3F2A-4CE5-A13A-80A2CC53C5A6},,,,,293.901110964736,4158.0021830947
514,Ecclesall Allotments,,Allotments,{BD2056D5-EFBD-4299-9866-EDA8B2FD68AA},,,,,171.617428764902,1791.39979255259
515,Ecclesall Woods,,Woodland,{E89D5736-70C9-4B8F-AAEE-BD071CCA138F},,,,,12975.8040542764,1409207.65338491
516,Endcliffe Park, ,Park,{12AF65E7-8203-472A-BDCD-E07E1FB1A650},,,,,2670.160710676,150486.518687255
517,Wyming Brook,,Moorland/Heathland,{ACA1A04B-B082-4136-9B83-F0CC61EEED78},,,,,8544.29126673322,656827.569017117
518,Bushey Wood,,Woodland,{9A240609-760A-4C51-8BD3-B0ADA446552B},,,,,478.121738248544,3913.18180070283
519,Carr Bank Wood,,Woodland,{F0C9EA2F-0169-4FB5-BCFC-7932119135FB},,,,,455.325749407509,5021.11618112825
520,Common Lane Open Space,,Open Space,{07578B7E-FF21-449C-99DB-5A6B1157B076},,,,,1111.63246298975,56999.7811867453
521,Clay Wood, ,Woodland,{2EE38282-7FB2-479E-B7AA-019EA2723649},,,,,547.670350660828,10536.0607014111
522,Crookes Marsh Lane Allotments,,Allotments,{8A3E7847-C631-4DCA-9264-BE8D6814FF76},,,,,535.459808068827,14992.5036853739
523,Lydgate Lane Open Space,,Open Space,{D7125FDB-B111-414F-A1EA-3384E39C4C0E},,,,,427.8517683233,8750.04908131394
524,Lydgate Lane Playground,,Playgrounds,{32ABFFEA-0546-42F4-996D-732AA11C0C3F},,,,,224.319316333501,2802.06027674446
525,Totley Bents Recreation Ground,,Playing Field,{1878C41A-A418-4BCD-9ACD-BE5E416C4FCC},,,,,558.631400147962,20587.5674442752
526,Highcliffe Road Allotments,,Allotments,{3A83E8FC-C262-49BF-93E6-108C9945AB34},,,,,724.559210612969,16331.4812491638
527,Roscoe Plantation Allotments,,Allotments,{DD988DBB-5A10-4EED-A5F9-1C417AAD5D13},,,,,1277.07787838864,48106.8878296291
528,Rivelin Glen 2,,Woodland,{E1D859D7-9906-480F-95B0-8EFEADB4EA99},,,,,2193.92187213433,21396.0641331293
529,Glen Cottages Allotments,,Allotments,{9ED19B99-08D7-4239-8962-9C7D4D557E15},,,,,104.290832658514,607.60790925033
530,Rodney Hill Allotments,,Allotments,{437B160C-8EF6-4DBF-A8A5-30EA8DDD4BDA},,,,,537.722900952139,14998.8111604963
531,Tofts Wood,Bolehill Road Wood,Woodland,{5E98F6A7-AB33-4817-9D48-4AD88B5CA230},,,,,496.552071078296,7703.78275812204
532,Whiteley Wood Allotments Wood, ,Woodland,{AD709A01-7DC1-4CE7-BE37-6BD1C0D29DE8},,,,,2401.43257225408,153355.542771841
533,Parkwood Springs South,,Park,{7AD3121E-691E-4BC2-BB08-06E42A3574D4},,,,,5645.40002458999,477610.344501192
534,Brightside Recreation Ground Playground,,Playgrounds,{FDDAA64F-8E7D-4A1B-B90E-648F527DF048},,,,,97.7521007458644,405.217552458327
535,Busk Meadow Park Playground,,Playgrounds,{B0E8B79F-40A1-4D7F-893A-76D7B45B8A4C},,,,,178.983765825501,1114.23470798689
536,Cardwell Drive Open Space Playground,,Playgrounds,{75C9B34C-444A-4831-9C3E-6F7D3A31223C},,,,,107.977974924855,611.36609720781
537,Carterhall Recreation Ground Playground 1,,Playgrounds,{EEF91ECB-8D98-4093-AA97-3A90C0876CEC},,,,,153.131130669067,1553.98851654898
538,Chancet Wood Open Space Playground,,Playgrounds,{987EC74F-9B0A-4216-9C89-16E3EF147A99},,,,,81.4807553976535,396.228123452321
539,Chapletown Park Playground,,Playgrounds,{56C7AFD2-E0FD-4E8C-8B31-EA1BC7F9F331},,,,,213.773794801636,2478.50111289426
540,Charlton Brook Playground,Griffiths Road Playground,Playgrounds,{8C944425-AFD8-4C1D-8C29-2F47AEEFEFC3},,,,,97.2939582716511,386.461451992618
541,Chelsea Park Playground,,Playgrounds,{11C7EB72-A333-423E-9A74-615DF163862F},,,,,143.058218360899,1450.58432858935
542,Colley Park Playground,,Playgrounds,{6FA20C41-83C1-4757-B3A6-78FDEDD47A43},,,,,278.628053855261,1749.64206727459
543,Bower Hill Wood, ,Woodland,{59E4FBEE-10C1-4D13-9278-C5455EEEA6FA},,,,,145.968022659268,1185.89350123971
544,Redmires Camp Wood, ,Woodland,{3BB89B19-4731-4871-BC45-38AA8925028C},,,,,2176.73544925342,181508.910347029
545,Redmires Playing Field,,Sports Site,{4D6B707E-F51B-4819-B11F-E91F47DF6367},,,,,1478.72725669463,70564.0489691215
546,Blackamoor Woodland, ,Woodland,{A05C8B41-BEA6-4394-8974-72FD15706765},,,,,10592.3336309462,767125.138423452
547,Blackamoor,,Moorland/Heathland,{F8A6A0A8-D7D7-4958-897A-6B70AE5A16B7},,,,,7835.48916396085,1811078.26523205
548,Concord Park Playground,,Playgrounds,{6C67F6B1-3219-46D1-ACCE-1657EDB62571},,,,,197.172999343425,2438.74048458887
549,Cookson Park Playground,,Playgrounds,{2CA73B1E-CFF2-42E6-BC07-1CF1E5B705A3},,,,,120.969650044473,766.51366836844
550,Coventry Road Playground,,Playgrounds,{E3544ACC-6DA7-4686-B428-C6B46D840864},,,,,51.6482992416191,157.524859984312
551,Crookes Valley Park Playground,,Playgrounds,{8BB97984-CF7E-4D4D-862F-3D1E990A5753},,,,,98.0806762914583,635.983433602078
552,Cross Lane Open Space Playground,,Playgrounds,{A97C028F-56FB-4954-AC2B-9C78DB6B8358},,,,,92.3879148567459,333.672944502672
553,Deep Pits Playground,,Playgrounds,{5D0382B3-A859-40A9-809A-F4CDC12EE4B6},,,,,596.894195983465,15491.9004846107
554,Deer Park Playground,,Playgrounds,{9FBDCD7E-90EC-4413-AEFB-7C8687571DC3},,,,,133.270939221538,723.313321224968
555,Heathlands,Ox Close Park,Open Space,{A5D46EE9-6960-4313-B3CD-9772030361BE},,,,,927.662930910246,21526.8304259965
556,Carterhall Recreation Ground Playground 2,,Playgrounds,{4D1399C5-AFDF-4A4D-9B6F-6F35924270A3},,,,,121.999802498845,878.858861886306
557,Middlewood Park Playground,,Playgrounds,{F5287A79-8D9E-49CC-8F96-3B5C0E385606},,,,,243.03995712168,2527.57243882496
558,High Street Open Space Playground,,Playgrounds,{4192070A-8364-4EC0-B74E-868EF6C54F37},,,,,73.6654041266853,377.559634164571
559,Mackenzie Crescent Playground,,Playgrounds,{83C3DF65-7AF5-4FB4-86BF-079F5C418653},,,,,83.5864658133803,433.586887751819
560,Mather Road Recreation Ground Playground,Mather Road Playing Fields Playground,Playgrounds,{FA5FC976-E78E-4260-A221-C9732E0676F0},,,,,143.528165591805,1207.11458721526
561,Meersbrook Park Playground,,Playgrounds,{FE96DB74-CEC7-487D-8B9A-DC06F1DC1C8C},,,,,197.474780308618,1856.75078468403
562,Millhouses Park Playground,,Playgrounds,{CF086E76-B68F-4361-B20A-AB011A7E5CFE},,,,,287.295592127219,3044.85444897257
563,Mount Pleasant Park Playground,,Playgrounds,{ABB3563B-051E-4B2B-A6CF-BD9C7DC0357F},,,,,143.492453334235,1085.20361406725
564,Nottingham Street Recreation Ground Playground,,Playgrounds,{54CA0DAC-3605-47CB-B433-89DD8F269F07},,,,,187.168729057952,1204.16213052395
565,Owlthorpe Grove Playground,,Playgrounds,{3788BC99-E4C7-444F-BAFA-824E78DD4A22},,,,,57.0846831809958,213.955675229596
566,Oxley Park Playground,,Playgrounds,{C54F6299-AB90-4608-843F-AFCD1D75817A},,,,,32.9343475799314,67.709596998677
567,Norfolk Park Junior Playground,,Playgrounds,{D4B5782D-44FE-4298-9D9C-521AB0C2EDA7},,,,,156.830760106748,1503.37809413008
568,Francis Fields Allotments,,Allotments,{F248D078-731F-48FD-8E4D-71257BC70716},,,,,394.467361484966,6591.5792530998
569,Norfolk Park Toddler Playground,,Playgrounds,{181B9C3A-9EFE-4815-99CD-6B5EC49B6006},,,,,134.814907833783,1218.12090189204
570,Phillimore Park Playground,,Playgrounds,{2785CBD3-2D78-4F31-B00A-BB8635972804},,,,,159.058784756621,1177.02010106655
571,Foxhill Recreation Ground Playground,,Playgrounds,{0F8E3388-F622-41CA-8949-B0B10D508455},,,,,218.131956147768,2617.54338962402
572,Studfield Quarry,,Open Space,{98F02F4A-7984-4A61-B549-B983FB1DA128},,,,,1167.74762285891,29590.6041512152
573,Oxley Park Allotments,,Allotments,{21BCB5B2-8CF6-4206-A03E-81DC813AA4A1},,,,,162.165292883898,1645.16294649096
574,Pen Nook Open Space,,Open Space,{D4F5FA0B-C8D1-4536-B9B2-04802BC1D306},,,,,358.366174126496,5092.34781213397
575,Popular Avenue Open Space ,,Open Space,{29BC3071-E5D1-4BF9-856F-585C02019995},,,,,587.607233729705,15557.9148085836
576,Cross Lane Open Space,,Open Space,{ABDCF78A-BAD6-446A-AEF4-D18006F94ADB},,,,,526.349693999408,12832.8021431106
577,Damasel Lane, ,Open Space,{59CD8C52-A660-461A-9A21-B5019708C292},,,,,127.263103256257,349.711556727935
578,East/West Crescent,,Open Space,{248BC9E5-8C70-4BFB-BD0D-B53619F44B52},,,,,290.281322759875,3802.82652212041
579,Ecclesfield Cemetery,,Closed_Churchyard,{55C2846D-B4B4-4EC4-9A50-D0222A0359A8},,,,,698.457924193068,16500.8055079766
580,Ecclesfield Park, ,Park,{E73BE67C-1E1F-4CE7-8814-68F358AB105C},,,,,2031.91098092394,114747.703749692
581,Archer Gate Open Space,,Open Space,{1894C087-3851-49A8-A9BE-95E41C21A3F2},,,,,594.945592423479,15651.4356536502
582,Colley Park Wood, ,Woodland,{B791F946-FE7E-4EE0-941D-18EC6BCD08B8},,,,,532.641296194751,7428.10411786777
583,Fox Glen Recreation Ground/Wood Royd, ,Park/Woodland,{10AD9E2F-E2AE-4A74-AE43-6514615A75E1},,,,,1414.91915448718,32377.8434289244
584,West Wood, ,Woodland,{59AE2D52-177C-4F94-8DA0-BA4AA209C095},,,,,2047.88773988409,115661.191623748
585,Glen Howe Park Woodland, ,Woodland,{095A1E4A-0DC0-404A-A2EB-2617835590DD},,,,,1585.29740922246,70333.0070956233
586,Forge Hill,,Open Space,{91A5D806-57C8-4CED-B0F3-F8962834DEDE},,,,,135.074833735522,694.444957541974
587,Sycamore Park,,Park,{48E47A9F-21F9-4F78-B16C-1976146C61D5},,,,,677.031887760351,14445.249521754
588,The Rookery,Town End Lane,Open Space,{8FE1298B-010C-46E1-8D4D-1403DECCB6AC},,,,,409.909281042856,5480.34516000092
589,Thorncliffe Recreation Ground, ,Park,{76E1EAC9-D945-46F4-8B57-F873164E8936},,,,,1397.13424598748,81253.7858025342
590,Fox Glen Recreation Ground Playground,,Playgrounds,{6BF61BF1-FA4C-4942-B8D4-57F56D59F259},,,,,159.385300801549,1540.64277482763
591,Townend Common Recycling Centre,,N/A,{C22B0D2D-D186-4526-8AA9-E13CD1BECFBB},,,,,303.775932022953,4329.5848860651
592,Thorpe Hesley Wood,,Woodland,{15636F8E-BA1D-470C-8F45-9A7BFD27E2B9},,,,,499.839983509122,15026.6773814449
593,Warren Recreation Ground,,Open Space,{CA047956-E210-405F-B81A-852F9FF2E1B2},,,,,392.667666746175,9190.7255645645
594,Forge Dam,,Park,{4FBA0104-3903-40C8-A994-440233E3D6FE},,,,,2082.82173518707,92497.9880430794
595,Bents Green Playing Field,,Sports Site,{C1EDF954-D798-44B9-87C3-20B420056F18},,,,,1121.13482000473,52649.5051893629
596,Lydgate Green,,Open Space,{26BE0487-7E98-4C66-9E2F-58ECC2951BBA},,,,,377.923088955428,3955.05340234991
597,Alms Hill Field,,Open Space,{5AA3F789-EC2E-409B-908B-C230640E211F},,,,,184.964450890752,2017.83860697116
598,Whinfell Quarry Gardens,,Garden,{68E8B2DC-3EF1-4921-B53C-12854F6C0684},,,,,416.371512135132,8786.02087811381
599,Whirlow Brook Park,,Park,{ECCA7F6A-A1A3-4E94-8DE2-57828B5BE5A1},,,,,1534.8579160469,47594.4664995553
600,Oaking Bank & Copham,Rocher End Plantation,Woodland,{A3D7DC80-FDB3-45E8-B86E-82B1E6F6A6CD},,,,,2219.9165129391,176251.946751771
601,More Hall Dam Wood, ,Woodland,{66CD80B7-6101-4BF7-9E4F-FDA14F351BE8},,,,,1044.2239758275,21754.0112706445
602,Raynor Clough, ,Woodland,{1D35E386-5676-40D1-9DE6-B90AB82E864F},,,,,1668.205858121,71273.4954480845
603,Coleridge Road Recreation Ground,,Playing Field,{725DA8A9-7268-40BB-823E-25CBFCD40C6A},,,,,531.549457504936,17350.626139277
604,Lee Lane Wood, ,Woodland,{4F7FA2BA-BBD6-4205-9A9F-FDC57CE007A6},,,,,1530.82011802905,118445.907523944
605,Wheata Woods, ,Woodland,{672A6C95-BDFE-4E20-A0AA-F4C369E84CE0},,,,,9071.20973147037,550648.85921924
606,Totley Brook Open Space,,Open Space,{6546B466-61D1-45B8-95E6-82F306FCD890},,,,,1026.28460808028,27299.9216060206
607,Dore Churchyard,,Closed_Churchyard,{7443BB7E-E850-4B99-BF0B-7BAF483D6A48},,,,,300.760345275178,5869.69319957609
608,Weetwood Gardens,,Open Space,{3C4FB151-A5D0-4DAE-B562-2F8E9135084A},,,,,318.052795070523,4192.67177093402
609,Castle Dyke Playing Field,,Sports Site,{90A1DD27-3AAF-4F7C-9511-2AFF86FE7948},,,,,1736.89437758405,116969.47402222
610,Whirlow Bridge,,Open Space,{5F2FCC7C-91FA-41B6-9B26-EBE6357E269A},,,,,264.431597391276,3963.47137499602
611,Dore Village Green,,Open Space,{A967EE0F-D010-40F7-BBB1-16F7FF1DF578},,,,,170.74545256571,1372.52650308068
612,Millhouses Park,,,{89C3590B-ED40-48B1-AF53-F9DA10F40BFD},,,,,2889.8265343454,134052.887906027
613,Hutcliffe Cemetery,,Active Cemetary,{954495E9-B3E7-45CB-89FA-823E3C468614},,,,,2546.12713916302,255343.704878687
614,"St Mary's Church, Handsworth",,Closed_Churchyard,{262AC0E1-61A4-4DA2-9CC5-D36CA597AB78},,,,,239.187245430636,3070.14088099987
615,Blackburn Meadows,,Open Space,{448C5309-2680-4147-BF3B-360F88010C88},,,,,1669.73779910624,136070.634120038
616,Alms Hill Drive,,Open Space,{54945A7D-2743-4B3B-A34F-1227E35B9187},,,,,52.1885957765464,169.718571932054
617,Warminster Road Allotments,,Allotments,{B278043D-D94B-470B-A6EF-187612689774},,,,,126.756583738395,933.105253897856
618,KIngs Coppice Open Space,,Open Space,{E792B07D-D191-4675-90FF-E0D6652A63C3},,,,,141.679174509257,1168.68864751484
619,St Thomas' Church,,Closed_Churchyard,{1C1607AA-64B9-4215-8906-962F67FBAD7F},,,,,314.900254256215,6204.16001658225
620,Endcliffe Park Playground,,Playgrounds,{F04CAB63-A061-4CAC-9BF7-7A1F592D0C9D},,,,,176.151611727749,1592.27252185285
621,Firth Park Playground,,Playgrounds,{F1619213-9403-498C-84DF-5683F2166B9F},,,,,151.662510479184,1413.852254099
622,Forge Dam Playground,,Playgrounds,{3D1C2706-E31C-4BBC-974A-2A5EA704F5C0},,,,,118.582160294783,665.626182382198
623,Frecheville Pond Community Centre Playground,,Playgrounds,{1010A713-0C76-44D2-89B4-A9D7DA72FD41},,,,,104.679055305548,600.810652607606
624,Richmond Heights,Stradbroke College,Open Space,{6125743B-F8BC-42A8-956E-5765BE4FE3A2},,,,,1823.45194163739,91393.224694076
625,Abbeyfield Park Playground,,Playgrounds,{B2853CD7-B1BF-465C-B0AD-5137E064F7D3},,,,,92.3232507067472,506.337600735544
626,Batemoor Road Open Space Playground,,Playgrounds,{BD4B3C37-4E08-4945-98B6-1E8B9119E0AD},,,,,144.572603756285,1468.41770678608
627,Beaverhill Recreation Ground Playground,,Playgrounds,{AF77FFC5-72AD-48CE-8260-0B83A618FC3A},,,,,250.835829185218,3169.5642511911
628,Birley Spa Lane Playground,,Playgrounds,{0A1E531E-FF7E-4A65-BA5C-EC904C9FC89A},,,,,70.1146039716594,277.963077552668
629,Blackbrook Road Playground,,Playgrounds,{6DBC589B-CFF4-4DDE-8304-5DAEE77A46A2},,,,,143.41237120265,1257.51284883141
630,Bole Hill Recreation Ground Playground,,Playgrounds,{D831F150-7F8E-4D10-A193-ACD735F4E863},,,,,175.476075155443,1166.90786717131
631,Bridle Stile Playground,,Playgrounds,{1FC8F77C-C670-4D79-8009-3C94283B8342},,,,,114.896023888079,801.670795391366
632,Parson Cross Park Playground,,Playgrounds,{A759D8E0-CF81-4739-A32E-EF7540043D64},,,,,216.338801150734,2777.37200148415
633,Pen Nook Playground,,Playgrounds,{BB58AB82-8359-4DAE-A766-E6E04C6E8E75},,,,,96.1110677136867,656.343182006771
634,"Ponderosa, Martin Street Playground",,Playgrounds,{E764D8CE-D1A7-457D-814C-AE91D56FC122},,,,,155.025055344869,1558.21407469707
635,Ponderosa Playground,,Playgrounds,{3FC2C630-6106-4BDF-8748-9C8FA9477FC6},,,,,145.562288781622,958.941148135063
636,Richmond Park Playground,,Playgrounds,{88AF4B69-2341-4D69-8E98-08A344C7612D},,,,,173.872146088074,1640.09971441112
637,Rivelin Valley Park Playground,,Playgrounds,{9F87BC6C-C69D-43BA-B180-8C7A03709358},,,,,132.662895050555,1052.00642334703
638,Rolling Acres Playground,Hartland Avenue Playground,Playgrounds,{8838EB6B-089E-49BD-AB8F-8DFB6BA6FAB3},,,,,141.155432993121,1169.61546288223
639,Rundle Road Playground,,Playgrounds,{12736362-474B-436C-BA42-9E89F5877133},,,,,87.6504538129751,475.505926282389
640,Ruskin Park Playground,,Playgrounds,{FE8DA44F-F107-4F3D-A859-992B1026022D},,,,,230.091652344013,2211.76187090248
641,Townend Common Wood,,Woodland,{06085DE0-A06F-44A8-A2B7-75E75E2D42FC},,,,,796.349413284743,14012.9575682345
642,Sevenairs Playground,Skelton Lane Playground,Playgrounds,{3138B552-07D6-4C7F-90AA-2CB6653030B8},,,,,141.834529560761,1192.28722506502
643,Stannington Park Playground,,Playgrounds,{648030AA-FC4E-47E7-91D4-44DC24342891},,,,,188.499515364704,2108.16710052168
644,Worrall Recreation Ground Playground,,Playgrounds,{1A0BD3B1-4C58-4B47-8336-CFA4492CE097},,,,,121.24984435919,421.423234128066
645,Wolfe Road Open Space Playground,,Playgrounds,{910B7F3B-12B6-4873-81FF-E9AE02738A04},,,,,141.402762930891,935.397791370409
646,Wincobank Lane Playground,,Playgrounds,{06DFAA9D-D0E0-41E0-822C-0F5FA98E7049},,,,,59.6912859152373,188.336027861465
647,Wharncliffe Avenue Playground,,Playgrounds,{AEAFF282-892C-4CB5-810A-D41EB2AEBC7B},,,,,99.563834307652,572.657675355965
648,Warren Recreation Ground Playground,,Playgrounds,{9A463F58-75A2-41FB-9541-E36BA6C145D8},,,,,125.831570790906,912.059423783118
649,Tinsley Recreation Ground Playground,,Playgrounds,{9D5E4615-3C0D-4F49-A1E9-2EFC191C7C85},,,,,134.516035403955,1156.95707540059
650,Thorpe Hesley Recreation Ground Playground,,Playgrounds,{F195CD16-BDC3-4F9B-8FC7-C373D9E9EAC3},,,,,96.3270486120077,569.902479677249
651,The Rookery Playground,,Playgrounds,{41B0FE4F-C230-4D55-B1CC-D34DD20CCC39},,,,,59.6902020127228,209.220909564188
652,Sycamore Park Playground,,Playgrounds,{2AF97F0A-3A29-4879-B956-A3285509C40A},,,,,110.650469475173,884.86368082797
653,Archer Gate Open Space Playground,,Playgrounds,{85D550F0-CE83-4FA9-B3F1-9580C12AA5D5},,,,,123.042710922246,862.040525687223
654,Headford Gardens Playground,,Playgrounds,{FAE09129-F788-4979-9D76-8C75D3FFDDE7},,,,,45.6740152270505,115.963396814961
655,Beighton Miners Welfare,,Playing Field,{A429A5AB-DA2B-4320-9FD2-3D47FDD9FC2D},,,,,889.866989090896,39284.7389910002
656,Sandringham Place Playground,Lodge Moor Hospital Playground,Playgrounds,{CF5B6429-8E30-459C-ADE1-3B9095EB50A9},,,,,119.850768081162,871.570842780138
657,Broadfield Road Playground,,Playgrounds,{2CF75027-AC97-4DC7-9416-DF76C335AC8E},,,,,116.99253829628,656.653571621429
658,Longley Park Playground,,Playgrounds,{D9E6F327-340C-49FC-90D4-4351745EC230},,,,,232.272820552793,1602.62581684359
659,Grenoside Green,,Open Space,{45F7E9F7-251A-444B-9BD4-F87EC622AC7A},,,,,157.464788194868,898.441321736341
660,Christ Church Pitsmoor,,Closed_Churchyard,{AA2D3590-686D-474C-8FDC-3F6BA1F68292},,,,,317.394271838497,1508.60564660846
661,Normanton Spring Wood,,Woodland,{BDE1D50F-DE76-4128-9BA5-CDFF810B2BD4},,,,,2054.93686288671,139430.863211644
662,Poynton Wood, ,Woodland,{CE22E1BA-AD09-4F56-A0C7-86F99BD3B765},,,,,1785.02801094437,44209.2416279103
663,Bramall Lane,Bramall Lane,Open Space,{55C3701F-25F7-4E22-A6FB-98E9EBAFF8E9},,,,,363.943630408208,2486.72630533235
664,Asline Road ,,Open Space,{E21F2CAD-D5B5-460C-9810-F0D6CD692A30},,,,,127.328662549635,686.791400552198
665,General Cemetery ,,Closed_Churchyard,{BE75636D-B476-4980-A650-FCB62A96CFE0},,,,,1140.58371454168,55480.1505647341
666,Broadfield Rd/Abbeydale Road,,Open Space,{B65CD5A8-5E67-418F-BA5D-1D546A282D77},,,,,158.916147345558,1299.53619002633
667,Newton Memorial Hall Garden,,Garden,{F5C1AAA7-D4E5-458B-AF95-4A39AA97F514},,,,,115.941841858994,756.483192734418
668,Carbrook Ravine,,Open Space,{E1623CDA-5BE5-4AC7-A494-C8C3EA8F15FA},,,,,1034.27445031565,11953.2382287385
669,Wardsend Cemetary,,Closed_Churchyard,{46BCB81C-37D7-4DD5-AC7B-FC7E2F06B3C6},,,,,967.722960722092,33767.862062794
670,Pismire Hill,Bellhouse Road,Playing Field,{65E4BBCA-7BC4-4AFA-A3EC-A454C911D393},,,,,630.556029099334,16442.24031503
671,Fife Street,Fife Road,Open Space,{9CBF4DF9-3481-4AC3-B601-144851F82BC8},,,,,878.326866122102,17600.9029659018
672,Burngreave Cemetery,,Active Cemetary,{C8860EFC-8E13-4FE5-A598-3FC1E956202F},,,,,1788.14560926696,147748.623118911
673,Endcliffe Park Woods,,Woodland,{909A6AF6-CCBC-45DB-85CE-A697EE2DFC79},,,,,2365.67462659696,38836.2782481946
674,Old Shiregreen Brickworks,,Playing Field,{39100947-2D4A-48E4-8E77-71632B65C57D},,,,,512.026835799037,13012.9608319015
675,Heathlands Playground,Ox Close Park Playground,Playgrounds,{B96DFCF0-0C84-415E-81E3-4BD20F0751B2},,,,,281.796768389551,2975.80664493327
676,Hagg Lane Allotments,,Allotments,{288F435C-E9F8-4B95-A95A-D4FEBA1D7FBC},,,,,1605.54919528,59380.3229896875
677,Stephen Drive (No 6),,N/A,{BBAEA907-276D-4C96-BC09-BAF5AF2DB417},,,,,85.8372716171165,414.128487849576
678,Rivelin Glen Quarry,,Woodland,{EFE8280E-8DB0-4884-804C-C0028794F426},,,,,1169.46930648611,13611.2225975473
679,Agden House Wood, ,Woodland,{9BE340A0-FEA1-4F84-8799-4D650B494C44},,,,,1616.88322982415,85589.8761287671
680,Dwarriden Lane Plantation, ,Woodland,{F351F2C0-EFA4-4E5D-9370-588772CF4D88},,,,,1361.91106470674,101279.374734382
681,Little Wood Bank ,,Woodland,{D17E5CED-6ACF-4336-A311-B2CDCA59E76D},,,,,1299.41589129193,46798.9274243132
682,Twentywell Lane,,N/A,{C1320F95-DA92-4F24-ACE6-17ADA75BD881},,,,,260.850275905404,3767.4025946682
683,Manor Oaks Court Estate,,N/A,{9B71AD61-D1A1-4877-9FE7-7896AF2769D7},,,,,550.998668330944,21250.4757069118
684,Heathlands Estate,,Open Space,{B9076ACC-7E61-48EB-9D44-70CEAD3B56DD},,,,,4415.24429562346,40172.348738805
685,Agden Bog Nature Reserve,,Natural/Semi_Natural Green Space,{11E36892-9C26-4839-9343-DB70245B03C0},,,,,849.063748562222,33909.8390056813
686,Hesley Tip ,,Natural/Semi_Natural Green Space,{B19824D4-F9FA-4C98-9412-EF01A1BA549E},,,,,360.318280014903,5816.6628268706
687,Old Haywoods,,Woodland,{7CA15E20-F1C1-4B49-B0E8-607244A8D91E},,,,,562.889409765502,7764.70331647768
688,Watson House Green,,Open Space,{1A303199-6EE9-4324-97D9-66712D9C2425},,,,,241.539092085313,2190.47753711874
689,Beighton Cemetery,,Active Cemetary,{6EAD4507-480F-48C7-8707-B154D8996DD4},,,,,362.567674564992,7690.79289068312
690,Cowley Gardens,,Open Space,{27315E7E-2B2D-4DE9-A246-A1189D26EAFF},,,,,977.664368638754,13375.0758744122
691,Birely Golf Course,,Golf Course,{17869EE4-454E-46E1-9C45-4C33BA7A70C0},,,,,3587.5977584061,388768.253063231
692,East Park Fields,Greengate Lane Corridor,Open Space,{79A34592-67D0-4B72-A0C9-2A35BD814ADF},,,,,1025.7973018245,13228.5997903011
693,Woodhouse WMC Bowling Green,,Sports Site,{5E92CEBA-6FBE-4758-A7A1-737233DB6433},,,,,265.225903624051,3262.11828171978
694,Birely Spa Drive,,N/A,{C42DA37A-09B8-4548-8C50-8833D5042430},,,,,225.078674655074,3064.97286040337
695,West Street Open Space,West Street Open Space,Open Space,{3C42D99E-3182-453D-B09F-E931C1389D49},,,,,366.589049246842,3858.80764544389
696,Drake House Lane,,Open Space,{FCEF9E8C-0133-4D53-AB89-9A4E5BD1F2D8},,,,,685.772676997317,13586.563161227
697,Birley Spa House,,N/A,{D7544FE1-AD7D-4D8A-923F-FBD1DC3118B2},,,,,119.884211364803,579.831370803595
698,Farm View Drive/Sheffield Road,,Open Space,{7DDB6CA4-BBBF-4B35-AF2E-6B9CDA593F9C},,,,,191.697070821268,1262.09181398448
699,Stoneacres Avenue,Farm View,Open Space,{DDCFD030-E3A7-48E7-9445-48191AEDAA4E},,,,,111.140158384644,743.905122725834
700,Heeley City Farm, ,Farm,{B9EDEA28-199D-482B-B5E7-14E38B2EABA4},,,,,1178.07430553753,24158.195135199
701,Stocksbridge Clocktower Gardens,War Memorial Gardens,Garden,{9F28D520-A768-4149-B04C-DC6051140B3D},,,,,450.078527918739,6277.49892542225
702,Morley Street Gas Allotments,,Allotments,{E8D99DC5-7C8A-44F7-AB32-2AC815C21CA9},,,,,537.823476842468,14245.901225192
703,Walkley Bank Plantation, ,Woodland,{720C05BA-E369-4DC0-B526-115E26DD37D0},,,,,1171.20826843993,23093.7325739522
704,Bolehill Recreation Ground ,,Park,{319F9266-6D44-4050-8DD2-31D0097D704E},,,,,2058.69703179619,159337.490459405
705,Ponderosa,Includes Crookesmoor East Rec,Park,{CB65C476-B568-4D27-8305-B3048DCFAADA},,,,,2321.68563371481,124764.436063876
706,Meersbrook Park,,Park,{DC90B1D0-464E-454C-8A61-9CBA88A9640C},,,,,2209.00925702407,171601.4270705
707,Akley Bank Wood, ,Woodland,{9F016C28-D37F-4DF7-B7FB-FCECBC87F4ED},,,,,331.100674725485,3904.50276665438
708,Barbers Fields Farm, ,Woodland,{0444F587-7866-445D-8A52-D5AAA0C8F757},,,,,443.960074547179,11646.282465894
709,Crookes Quarry Allotments,,Allotments,{8669A06B-C975-4BFF-AD42-C5E908292AF4},,,,,542.101929409421,12990.5691338193
710,Crookes Cemetery,,Closed_Churchyard,{43EF1159-D842-484C-9318-C5A8D3BBFE5D},,,,,1257.91032397804,72299.4185480912
711,Den Bank Wood,,Woodland,{1B6B5DF9-7F81-4F4C-A3C5-8F1C3BEAA4BD},,,,,1889.70771503411,63948.4807578283
712,Clough Fields Wood ,,Woodland,{E8B6EF26-8902-40BB-8ECD-78FE544D41EA},,,,,1276.51710142699,29532.2860974019
713,Burbage Moor Woodland, ,Woodland,{1CC4217B-9B10-43D8-8590-D223DB3DA4DE},,,,,2492.21026304916,165108.405023804
714,Hathersage Moor Woodland, ,Woodland,{2D62B656-EBE4-4EA7-B0EC-33DB7499B6F7},,,,,2303.07923300836,176697.518002698
715,Fairthorn Lodge, ,Woodland,{D387C44D-2807-4D8D-9271-10E5DA0E4E81},,,,,1836.57376125664,180998.808656021
716,Fairthorn Green, ,Woodland,{E204938F-22BB-4278-828F-A9DBBDCF5D55},,,,,969.115635462059,46360.0780494189
717,Redmires Reservoir, ,Woodland,{39A080BB-16FF-49F9-A57D-346E3FAC749C},,,,,2465.81623035771,167360.986284196
718,Hagg Hill Allotments (Disused),,Natural/Semi_Natural Green Space,{2E0B0E15-AC90-430C-8ACA-A9D748D22608},,,,,775.830627225261,34654.4211925508
719,Little Wood, ,Woodland,{5918912E-0A06-4A59-9FD1-BD553CC3C505},,,,,373.340329716132,7525.57134895529
720,Queen Victoria Road Woodland,,Woodland,{B8422E63-8A13-4350-9580-DB92B1367EBC},,,,,403.249256512398,3916.93623932872
721,Burncross Road Allotments,Burncross Allotments,Allotments,{786C10CD-FC4F-4256-B42B-2F4F36FBD0ED},,,,,390.344818504404,6223.6806359499
722,Rivelin Valley Park,,Park,{EC3D177B-7840-49D8-A658-0BBA5219E9EA},,,,,1078.69371408568,17595.9046371156
723,Rivelin Glen 1, ,Woodland,{80B0671D-2C6F-431B-93CA-493E41AD5E49},,,,,5918.54253444707,205708.680189938
724,Millstone Edge Rough,,Woodland,{A8B0876B-B3C7-40FF-BD2D-6CB81F5B4216},,,,,1695.6638728043,73413.1936376283
725,Rivelin Glen 2 Fields,,Natural/Semi_Natural Green Space,{22C30106-D98C-4A23-B720-8F64833DA98F},,,,,748.485292323572,29505.1121483795
726,Mickley Lane Allotments,,Allotments,{FC37C080-D6A6-420B-8798-80E0B9B305BB},,,,,393.45993071841,8087.18349263271
727,Bracken Moor Allotments,,Allotments,{47408DDC-640D-494D-94C8-912A1986EB69},,,,,301.657860240481,4837.95773557945
728,Totley Hall Park,,Park,{61085FB8-488C-4DD2-AC04-EB6B3621405D},,,,,765.007769590188,21703.5693041474
729,Totley Hall Park Playground,Totley Hall Lane Playground,Playgrounds,{36977CD8-2543-4ABA-A358-82F3D9F2C5C5},,,,,328.537239939414,1509.4511934848
730,Lees Hall Meadow,Gaunt Road Wildlife Area,Natural/Semi_Natural Green Space,{F4168EE4-B173-4D70-84C8-E4CA0D379336},,,,,669.607033702031,17538.2907844642
731,Rivelin Lodge Woodlands, ,Woodland,{01D61E7E-A89B-4EF1-946E-959398A2FCC5},,,,,601.630983352504,10473.835494306
732,Ash Street Allotments,,Allotments,{361C32FD-11F4-4E72-9EDB-A4D3C4C9D10F},,,,,88.0392783755374,428.044815476974
733,Park Rifles Allotments,,Allotments,{B19AEC84-B1BB-44BD-A198-A8C550361B24},,,,,530.264511817851,12291.6948517327
734,Rivelin Glen 2a,,Woodland,{C2177433-D2E3-4513-B386-653CC477B3C3},,,,,867.410382764356,13831.494758398
735,Grenoside Community Centre,,N/A,{B7B17BA9-932C-4F5C-BE84-AF52C4B65A67},,,,,315.112760354198,5318.7202699902
736,Glen Howe Park,,Park,{96AF372A-869C-4DF5-84AF-63EBDF8B25DC},,,,,1430.02120125513,73895.8457421922
737,Townend Common Golf Course,,Golf Course,{15E694FE-55F4-436D-A9FC-733212197192},,,,,1089.37337621406,59177.1388507973
738,Stannington Road,,Natural/Semi_Natural Green Space,{460BFAF6-9991-48EA-BD2C-70A307C0B1DA},,,,,225.884903029816,1075.71912119572
739,Lower Rivelin Footpaths,,N/A,{D182F92A-30BE-4227-A331-1055ABDEBCA7},,,,,617.484534711984,1529.46943748061
740,Stannington Road Open Space,,Open Space,{C38F9F46-AF9A-4331-94A1-847DBC6481A3},,,,,221.043795294661,1125.68379674593
741,Windmill Lane,,Open Space,{2AE9581C-D4E7-444F-84CC-BE7653513798},,,,,87.6963350997638,468.713590602593
742,Shirecliffe Playing Fields,Parkwood Springs Sports Field,Playing Field,{20119C3C-FB7B-4AC9-BD74-DEB9A64C7690},,,,,757.127505847787,35833.7367468104
743,Heliport Football Pitches,,Sports Site,{FEFBD4BA-0621-4778-AD5F-6E8D76E0D11B},,,,,826.16588729394,29245.8612162334
744,Parkwood Springs Landfill ,,N/A,{C8EC188C-3C2B-4943-BC3E-3269DC33D9A6},,,,,2161.55945715735,87157.1694864974
745,Shirecliffe Allotments,,Allotments,{0B8CD2FF-0BFE-4209-A589-A0488319A2DE},,,,,651.345465242819,15782.1122319765
746,Ecclesfield Road (Wooley Wood) Open Space,,Open Space,{CF906944-B856-4791-A45B-546667F03071},,,,,592.792420845474,11248.2364148071
747,High Wincobank Allotments,,Allotments,{55965A11-620C-497F-897A-0B28B4B470B1},,,,,759.837397035602,29325.8213528449
748,Longley Allotments,,Allotments,{ACF288C8-DC9F-4B67-A6FA-F72869099604},,,,,439.673146964107,2716.39213653214
749,Little Roe Wood, ,Woodland,{6799A5C3-58D5-4982-AD40-8BA8BC540DFA},,,,,1094.67064480625,39483.8572763904
750,Grimesthorpe Allotments,,Allotments,{0471E189-D81A-4F9A-9242-F0E5801F459B},,,,,908.758907862577,41527.1980676396
751,Grimesthorpe Pigeon Allotments,,Allotments,{BF9E6025-DF7C-4533-9459-DE01F5471928},,,,,134.006748062189,553.439551518765
752,Rivelin Valley Park Water Playground,,Playgrounds,{EBA415EE-DD87-4F03-AFF9-8290D5C0A16C},,,,,237.611666792199,1081.01053529923
753,Norwood Allotments,,Allotments,{0B6E0764-4737-4543-861E-A1F877F98E75},,,,,909.999741570681,22053.6026130438
754,Roe Wood Allotments,,Allotments,{35961DF2-64CC-4069-B74B-33275D127611},,,,,455.256224124528,13785.320571324
755,Spotswood Open Space,,Open Space,{9C78F2C2-3658-4053-906F-19529B7EB2A4},,,,,606.532155745184,6390.33735707124
756,Burngreave Recreation Ground Playground,,Playgrounds,{30F15EF8-0524-4AF4-B207-ACD5C6D2B21C},,,,,142.137555441108,1140.15289650984
757,Graves Park Rose Garden Playground,,Playgrounds,{A4DC92EC-7C57-4E12-A33C-4B4A7DB3D90F},,,,,270.684401797433,3083.68653202616
758,Graves Park Animal Farm,,Farm,{78952452-6191-429C-B2FD-2273A2455453},,,,,524.19062359065,16835.6038555801
759,Brown Edge Wood, ,Woodland,{AB2E4350-3E45-47A6-8C43-D4AAE38484A3},,,,,614.349743910783,20051.5048267
760,Crimicar Lane Open Space,,Open Space,{4016FE01-A40E-4D24-B6DE-C3CE316BDC0F},,,,,514.441950294594,5576.27588327569
761,Lady Canning's Plantation, ,Woodland,{CB575CE1-DB54-46D6-98B5-14F31DC8594A},,,,,3676.81904429542,529165.025993855
762,Mayfield Road, ,Woodland,{98B19422-0AF5-4719-A92B-B6516C29E738},,,,,445.29335454816,4925.66750149597
763,Spring Wood (Part of Bowden Howsteads Complex),,Woodland,{2E35D9DA-41C8-487A-9318-121E47457222},,,,,1194.13761619887,40915.4308483487
764,Rustlings Road Allotment,,Allotments,{3E2A509D-FC2B-4552-BDAC-1578BABE5879},,,,,586.590862748977,16605.491379632
765,Bingham Park Woodland, ,Woodland,{465A3CEB-F3F3-41B2-A5F6-BF67963F8A33},,,,,928.862787068449,20495.8654652957
766,Hangingwater Allotments,,Allotments,{6913827C-487E-427C-B107-80A3D41E9D02},,,,,828.57770690811,31505.7684001384
767,Westwood Road Copse, ,Woodland,{517B0462-80A4-4161-9CE5-EFBEFF387BFB},,,,,234.379125749003,1940.87473131467
768,Trippet Wood, ,Woodland,{1905677C-D2D2-4325-B4C9-B1B85FA19281},,,,,645.948172044995,14354.1938908393
769,Sorby Plantation, ,Woodland,{901562C4-AB9B-4869-844E-A340D6419C65},,,,,924.879106079289,31339.7386280968
770,Forge Dam Woodland, ,Woodland,{61429558-7275-48CB-A593-9414B29F73B6},,,,,1231.85984988134,15209.4992647537
771,Porter Clough,,Natural/Semi_Natural Green Space,{D0AD8763-FF74-4A33-B887-1F47E266759C},,,,,1940.33663077665,26545.7690093277
772,Limb Valley Open Space,,Open Space,{414D573D-4A41-4B7B-B9C3-766052587432},,,,,352.903599653086,5076.72462652758
773,Dr Marshall's Field,,Open Space,{A253265F-2794-4BF6-BABD-3E985FC44A52},,,,,362.86348450893,4165.97078443335
774,Limb Lane Picnic Area,,Open Space,{6CE06A04-41F3-4863-8438-AEAE9CC265B4},,,,,1000.74756471869,42119.3062300475
775,Ryecroft Glen Fields,,Natural/Semi_Natural Green Space,{E0BE91A3-928B-434A-812A-A0176FAD06DE},,,,,1043.70477430477,31472.939330729
776,Whirlow Playing Fields,,Sports Site,{A4DBAD8D-0244-41F9-9998-597221B3F6B5},,,,,1637.55580391049,127624.20871861
777,Ecclesall Saw Mill,JG Graves Woodland Discovery Centre,N/A,{F3A61556-F781-4A75-A00E-109D8070F4C9},,,,,426.741500319283,11647.6916077645
778,Rough Standhills,,Woodland,{059F32E3-0F34-4F22-96AB-9BCA2FE5188F},,,,,2538.45009700993,194103.924582334
779,Limb Valley Plantation,,Woodland,{52B8E53E-2011-4E07-8705-BB5F2243E238},,,,,5391.24578002622,240375.194171014
780,Whirlow Fields,,Open Space,{DF4D3983-6A25-4ED8-8B3D-EBA2135EE6CD},,,,,1154.82561425497,64503.3853487054
781,Leighton Road Open Space,,Open Space,{C6CD4697-8225-4639-B71D-B464C9BF06C0},,,,,872.26625447214,9021.77543451686
782,Herdings Meadows,,Open Space,{897C9567-4B1D-47DE-830F-E42A87A8C422},,,,,2872.22984136098,57028.3406970451
783,Wensley Street ,,Open Space,{F7BC50EA-345C-428B-BE42-359909814D20},,,,,685.193511972891,15846.7622364327
784,Wincobank Lane Open Space,,Open Space,{B6DB033A-64D8-4AF5-B059-261BCF78F684},,,,,391.888636940924,8806.59122148225
785,Sheffield Road Open Space,,Open Space,{AA62E64B-A957-4430-B06F-37F5B8658359},,,,,318.32954915594,2774.98507356181
786,Moor Crescent Allotments,,Allotments,{CF3AD249-3D0D-4013-B552-B55F0C2069E8},,,,,128.816965929604,1047.99055689285
787,Thorpe Play Area,,Open Space,{4E52538F-C495-49B8-AB35-C7378FE1CBB5},,,,,1391.06543610231,22848.6317970557
788,Moss Way Allotments,,Allotments,{C97F94A9-196D-4923-944C-707E3C6A082C},,,,,636.875420741833,24831.5201146419
789,Moss Way Open Space,,Open Space,{42BA0B02-B845-4783-8305-AFABAEF7F42A},,,,,1707.94303512128,58844.7955051546
790,Flockton Park,,Park,{FF161C0A-F5EA-44CB-B6D4-026F6E4D3097},,,,,2694.25763920634,153080.43894358
791,Station Road Woodland,Halfway Drive,Woodland,{62EE1C03-3E91-4E75-95CC-DC9B994C29A7},,,,,807.789536308595,13831.3319728414
792,Wickfield Plantation, ,Woodland,{8D3E74C6-14B4-44B4-A56C-E62EA3F9BA91},,,,,1737.95033033625,30189.843847427
793,Wickfield Open Space,,Natural/Semi_Natural Green Space,{4E1DC221-91EF-4C74-B364-18BC24D078C4},,,,,629.983007530743,14652.1056406683
794,Birley Wood, ,Woodland,{A8C83BA8-9170-4CD7-8E44-F3B6E7CD1FEF},,,,,693.245018758877,15666.9005675022
795,Mauncer Drive,,Open Space,{F6BDAD22-CDEA-4B26-B440-8547CE96B15A},,,,,353.997524441703,5764.06939807441
796,Ochre Dyke Lane Playing Field,,Open Space,{7FCAE7DB-9C34-4950-B98A-E7C8149D3471},,,,,639.278475408556,22963.2798200899
797,Concord Park Golf Course,,Golf Course,{EC1F638B-10E6-467A-A5F3-67121633237B},,,,,3665.40229917492,331981.919580403
798,Deep Lane,,Open Space,{15B572A0-ABB8-4138-9DC3-8C0AC3D802DA},,,,,722.39559887747,10029.7863157623
799,Windy Bank Wood, ,Woodland,{EAAC5514-EC65-4E6F-9D04-B150304BA853},,,,,2412.19348100381,76614.9756012611
800,Harris Road Allotment,,Allotments,{9C5DF125-5350-44FE-8AB0-D6F101163136},,,,,442.420719712133,8678.06167144412
801,Parkway Drive,,Open Space,{26561C8F-B948-4EA5-A982-E35BBCB29B6C},,,,,423.622222487765,7182.55499978859
802,Black Bank Woodland, ,Woodland,{DF6E9723-1F0F-41CF-8245-941A1A6E96BD},,,,,1790.87907451874,33165.0643396385
803,Gulley's Wood Meadow,,Natural/Semi_Natural Green Space,{DEB058D4-2789-4034-ADF8-A816E7AE0FD8},,,,,423.113177858364,10723.0903889352
804,Shene Field,,Natural/Semi_Natural Green Space,{18CB97A8-09BB-4277-AE25-26522A4150E7},,,,,448.72870764922,11227.1956791883
805,Shirtcliff Valley Open Space,,Open Space,{AE3AC40F-A5FB-473E-8B1F-C2617AD5F5C4},,,,,954.959477643396,33074.8419512004
806,Town End Road,,Open Space,{D2637A95-F8F7-4651-B132-BD18D6CEFD15},,,,,328.507787593918,3471.42750631415
807,Colepit Wood, ,Woodland,{1C53E508-287E-45D5-80DF-C12E5F0595E1},,,,,1464.35604600437,69645.7833044631
808,Long Wood, ,Woodland,{52E15856-DA23-41B4-A1A9-A2DAB92F9969},,,,,2184.72667447005,109498.596867251
809,Loxley & Wadsley Common Wood, ,Woodland,{EE58EEEB-A731-459E-9C28-FB9813FDD34A},,,,,5432.51366229726,206015.155395975
810,Wortley Road Allotments,,Allotments,{F1E27F49-BC82-486E-9948-0D99FB2E6047},,,,,218.544943183952,2285.2946556368
811,Agden Side Wood, ,Woodland,{BC7846FB-072A-44B4-9808-5BA18D16E037},,,,,1782.65711432126,63816.7791011528
812,Loxley & Wadsley Common,,Moorland/Heathland,{0BFCF760-8B1B-4CBB-B801-F64DA57754EC},,,,,4111.34458742634,405627.02609011
813,Oughtibridge Community Garden,,Open Space,{48AF36B6-B91E-4F5A-8B9A-64F5178CB824},,,,,210.113731042903,1758.23163577097
814,Sharrard Road Leisure Garden Allotments,,Allotments,{D84E8476-D4D2-4148-B7BB-85B71FABDEBD},,,,,371.076014000311,8241.78963970714
815,Sharrard Road Allotments,,Allotments,{0E6C4AF8-CA8F-4AEA-8C41-15558CF3FEDA},,,,,397.145116590562,9158.42614922923
816,Tinsley Park Golf Course,,Golf Course,{DEE377D5-1E4A-47B4-A6A8-75F758CD08A9},,,,,4054.65842643959,584300.353033026
817,Batesquire,,Open Space,{9F67CE92-A6F6-4394-A7A5-02019B45AFDD},,,,,251.314437754806,1640.2081921094
818,Orchard Lane,,Open Space,{5098FE7A-52F1-431E-8397-0F793187C03D},,,,,126.93050863839,1028.67160792203
819,Normanton Spring Road,,Open Space,{3A27FECC-3C68-4D50-B90F-45C768FF2BB5},,,,,431.241715214525,8814.67132135186
820,Shirtcliff Valley,,Open Space,{F6DF5681-B1DE-4A32-B9E2-24BC89D9D1D5},,,,,4439.08100800154,54479.245082562
821,Canalside Moorings/Canal Bridge,,Open Space,{1DAE5768-F334-4DA7-B47D-AC262AF61FB0},,,,,752.53491203645,6271.65646221639
823,New Hall Wood,Oxley Wood,Woodland,{20F85C53-E5D8-4A3C-8162-9B6D7F96DA7C},,,,,2215.50985791408,62441.3060420651
824,Mosborough Moor Open Space,,Open Space,{2AD99893-EA07-41B7-B218-B6F9342EC276},,,,,275.400686298944,4211.98878254381
825,Whitely Woods, ,Woodland,{02161801-9730-4FC4-97F1-FD546949EBDE},,,,,4070.54125201775,173220.096217672
826,Lee Lane Dike Wood, ,Woodland,{37E8E94D-0D07-49FE-BB67-DA4CF25EEB0D},,,,,1698.73783043419,131014.501963838
827,Wigtwizzle Hall/Nursery Wood, ,Woodland,{2AE9A257-1BBE-432B-A4FB-9397F2F33FF9},,,,,1597.16220436329,119454.835858207
828,Crimicar Lane Allotments,,Allotments,{B1B5A9C5-776E-4E6D-A5D7-97AC598E85BD},,,,,113.275859107312,681.388351912973
829,Gilcrest Wood, ,Woodland,{6A23FD23-B0B7-4DC9-B99A-81D2FB287DDB},,,,,743.141175089081,13532.4459819699
830,Herdings Park Playground,,Playgrounds,{F618682E-AC1D-4539-9210-C5A6404DD15E},,,,,230.434567987572,2217.60718594109
831,Parson Cross Family Garden,,Allotments,{C05D4F31-CFA5-4E1F-B2BE-7B8A95FF2A15},,,,,334.551044301565,7424.78103158498
832,Birley Vale,,Open Space,{F2F78B80-20B2-41F8-948E-BCCA300C1183},,,,,836.152589336173,18743.5156738549
833,Heliport,,Open Space,{CBEF0A7E-0834-4779-B4E7-7567C074A049},,,,,1547.09944956468,25277.8282121062
834,Gleadless Common Open Space,,Open Space,{7F8613BC-889A-4C84-B019-B8C8270EFD13},,,,,1389.11394193522,62952.2034626268
835,New Biggin Plantation, ,Woodland,{3739791E-F129-43A8-99E4-DFD3528C2B65},,,,,3998.22895297711,205081.472370276
836,Hillsborough Park Teenage Playground,,Playgrounds,{032F1415-8B97-4618-BE74-1023C77A9EBF},,,,,190.063489687461,1680.4659724938
837,Meersbrook Park Playground - Trim Trail,,Playgrounds,{ABCD4055-AC20-4237-AC28-F16290F0B4FD},,,,,158.705101174549,860.914977261127
838,Wisewood Park,,Playgrounds,{D1AB529A-3756-4440-B6ED-ACF77B0AF1E6},,,,,241.46419109618,3220.93648813864
841,Carterknowle Park, ,,{BF133268-7687-46A1-9423-7796F954934F},,,,,3849.20555135236,112857.433042285
1239,Woodthorpe Ravine Playground,,Playgrounds,{D0C885CF-CE6A-4204-8C2B-505903D1FA52},,,,,108.376978099835,560.628102242297
2039,Ellesmere Park Playground,,Playgrounds,{6BCF25A5-C955-4A1F-9632-A976C23FE864},,,,,93.8134474918046,545.904047602256
